<?xml version="1.0" encoding="UTF-8"?>
<omexManifest xmlns="http://identifiers.org/combine.specifications/omex-manifest">
  <content location="ben-tal_2006c.png" format="http://purl.org/NET/mediatypes/image/png" master="false"/>
  <content location="ben-tal_2006d.ai" format="http://purl.org/NET/mediatypes/application/octet-stream" master="false"/>
  <content location="ben-tal_2006c.ai" format="http://purl.org/NET/mediatypes/application/octet-stream" master="false"/>
  <content location="ben-tal_2006a.ai" format="http://purl.org/NET/mediatypes/application/octet-stream" master="false"/>
  <content location="ben-tal_2006a.svg" format="http://purl.org/NET/mediatypes/image/svg+xml" master="false"/>
  <content location="ben-tal_2006d.png" format="http://purl.org/NET/mediatypes/image/png" master="false"/>
  <content location="ben-tal_2006b.ai" format="http://purl.org/NET/mediatypes/application/octet-stream" master="false"/>
  <content location="bental_2006.cellml" format="http://identifiers.org/combine.specifications/cellml" master="false"/>
  <content location="ben-tal_2006b.svg" format="http://purl.org/NET/mediatypes/image/svg+xml" master="false"/>
  <content location="ben-tal_2006d.svg" format="http://purl.org/NET/mediatypes/image/svg+xml" master="false"/>
  <content location="ben-tal_2006c.svg" format="http://purl.org/NET/mediatypes/image/svg+xml" master="false"/>
  <content location="ben-tal_2006b.png" format="http://purl.org/NET/mediatypes/image/png" master="false"/>
  <content location="bental_2006_Fig10.sedml" format="http://identifiers.org/combine.specifications/sed-ml" master="true"/>
  <content location="ben-tal_2006d.xul" format="http://purl.org/NET/mediatypes/application/octet-stream" master="false"/>
  <content location="ben-tal_2006a.png" format="http://purl.org/NET/mediatypes/image/png" master="false"/>
  <content location="bental_2006.session.xml" format="http://purl.org/NET/mediatypes/application/xml" master="false"/>
  <content location="metadata.rdf" format="http://identifiers.org/combine.specifications/omex-metadata" master="false"/>
</omexManifest>
