<?xml version="1.0" encoding="UTF-8"?>
<omexManifest xmlns="http://identifiers.org/combine.specifications/omex-manifest">
  <content location="moore_2004.ai" format="http://purl.org/NET/mediatypes/application/octet-stream" master="false"/>
  <content location="moore_li_2004c.cellml" format="http://identifiers.org/combine.specifications/cellml" master="false"/>
  <content location="moore_li_2004_Fig8.sedml" format="http://identifiers.org/combine.specifications/sed-ml" master="true"/>
  <content location="moore_li_2004.session.xml" format="http://purl.org/NET/mediatypes/application/xml" master="false"/>
  <content location="moore_2004.xul" format="http://purl.org/NET/mediatypes/application/octet-stream" master="false"/>
  <content location="moore_li_2004b.cellml" format="http://identifiers.org/combine.specifications/cellml" master="false"/>
  <content location="moore_li_2004.cellml" format="http://identifiers.org/combine.specifications/cellml" master="false"/>
  <content location="moore_li_2004_Fig7.sedml" format="http://identifiers.org/combine.specifications/sed-ml" master="true"/>
  <content location="moore_li_2004_Fig6.sedml" format="http://identifiers.org/combine.specifications/sed-ml" master="true"/>
  <content location="moore_2004.png" format="http://purl.org/NET/mediatypes/image/png" master="false"/>
  <content location="moore_2004.svg" format="http://purl.org/NET/mediatypes/image/svg+xml" master="false"/>
  <content location="metadata.rdf" format="http://identifiers.org/combine.specifications/omex-metadata" master="false"/>
</omexManifest>
