<?xml version="1.0" encoding="UTF-8"?>
<omexManifest xmlns="http://identifiers.org/combine.specifications/omex-manifest">
  <content location="chang_2001d.png" format="http://purl.org/NET/mediatypes/image/png" master="false"/>
  <content location="Weinstein_2000_HATPase.cellml" format="http://identifiers.org/combine.specifications/cellml" master="false"/>
  <content location="documentation.html" format="http://purl.org/NET/mediatypes/application/octet-stream" master="false"/>
  <content location="documentation-model.html" format="http://purl.org/NET/mediatypes/application/octet-stream" master="false"/>
  <content location="chang_2001c.png" format="http://purl.org/NET/mediatypes/image/png" master="false"/>
  <content location="documentation-example.html" format="http://purl.org/NET/mediatypes/application/octet-stream" master="false"/>
  <content location="HATPase_test.cellml" format="http://identifiers.org/combine.specifications/cellml" master="false"/>
  <content location="HATPase_test.sedml" format="http://identifiers.org/combine.specifications/sed-ml" master="true"/>
  <content location="Units/Units.cellml" format="http://identifiers.org/combine.specifications/cellml" master="false"/>
  <content location="metadata.rdf" format="http://identifiers.org/combine.specifications/omex-metadata" master="false"/>
</omexManifest>
