<?xml version="1.0" encoding="UTF-8"?>
<omexManifest xmlns="http://identifiers.org/combine.specifications/omex-manifest">
  <content location="FCU_adenylylCyclase.cellml" format="http://identifiers.org/combine.specifications/cellml" master="false"/>
  <content location="FCU_adenylylCyclase_new.cellml" format="http://identifiers.org/combine.specifications/cellml" master="false"/>
  <content location="FCU_adenylylCyclase.m" format="http://purl.org/NET/mediatypes/text/x-matlab" master="false"/>
  <content location="FCU_adenylylCyclase_stimulusPathway.sedml" format="http://identifiers.org/combine.specifications/sed-ml" master="true"/>
  <content location="solver_output/FCU_adenylylCyclase_Data_2.csv" format="http://purl.org/NET/mediatypes/text/csv" master="false"/>
  <content location="parameter_finder/find_BG_parameters_composite.py" format="http://purl.org/NET/mediatypes/application/x-python-code" master="false"/>
  <content location="parameter_finder/find_BG_parameters_composite.m" format="http://purl.org/NET/mediatypes/text/x-matlab" master="false"/>
  <content location="parameter_finder/data/whole_stoichiometric_matrix.xlsx" format="http://purl.org/NET/mediatypes/application/vnd.openxmlformats-officedocument.spreadsheetml.sheet" master="false"/>
  <content location="parameter_finder/data/~$whole_stoichiometric_matrix.xlsx" format="http://purl.org/NET/mediatypes/application/vnd.openxmlformats-officedocument.spreadsheetml.sheet" master="false"/>
  <content location="parameter_finder/.idea/workspace.xml" format="http://purl.org/NET/mediatypes/application/xml" master="false"/>
  <content location="parameter_finder/.idea/misc.xml" format="http://purl.org/NET/mediatypes/application/xml" master="false"/>
  <content location="parameter_finder/.idea/parameter_finder.iml" format="http://purl.org/NET/mediatypes/application/octet-stream" master="false"/>
  <content location="parameter_finder/.idea/vcs.xml" format="http://purl.org/NET/mediatypes/application/xml" master="false"/>
  <content location="parameter_finder/.idea/modules.xml" format="http://purl.org/NET/mediatypes/application/xml" master="false"/>
  <content location="parameter_finder/.idea/inspectionProfiles/Project_Default.xml" format="http://purl.org/NET/mediatypes/application/xml" master="false"/>
  <content location="parameter_finder/.idea/inspectionProfiles/profiles_settings.xml" format="http://purl.org/NET/mediatypes/application/xml" master="false"/>
  <content location="parameter_finder/__pycache__/grand_kinetic_parameters.cpython-39.pyc" format="http://purl.org/NET/mediatypes/application/octet-stream" master="false"/>
  <content location="parameter_finder/__pycache__/grand_kinetic_parameters.cpython-37.pyc" format="http://purl.org/NET/mediatypes/application/octet-stream" master="false"/>
  <content location="parameter_finder/output/all_parameters_out.json" format="http://purl.org/NET/mediatypes/application/json" master="false"/>
  <content location="parameter_finder/output/TEMP.cellml.txt" format="http://purl.org/NET/mediatypes/text/plain" master="false"/>
  <content location="parameter_finder/output/FCU_adenylylCyclase_BG_parameters.mat" format="http://purl.org/NET/mediatypes/text/x-matlab" master="false"/>
  <content location="python/FCU_adenylylCyclase_old.py" format="http://purl.org/NET/mediatypes/application/x-python-code" master="false"/>
  <content location="python/FCU_adenylylCyclase.py" format="http://purl.org/NET/mediatypes/application/x-python-code" master="false"/>
  <content location="python/temp.py" format="http://purl.org/NET/mediatypes/application/x-python-code" master="false"/>
  <content location="python/.idea/python.iml" format="http://purl.org/NET/mediatypes/application/octet-stream" master="false"/>
  <content location="python/.idea/misc.xml" format="http://purl.org/NET/mediatypes/application/xml" master="false"/>
  <content location="python/.idea/.gitignore" format="http://purl.org/NET/mediatypes/text/plain" master="false"/>
  <content location="python/.idea/vcs.xml" format="http://purl.org/NET/mediatypes/application/xml" master="false"/>
  <content location="python/.idea/modules.xml" format="http://purl.org/NET/mediatypes/application/xml" master="false"/>
  <content location="python/.idea/inspectionProfiles/Project_Default.xml" format="http://purl.org/NET/mediatypes/application/xml" master="false"/>
  <content location="python/.idea/inspectionProfiles/profiles_settings.xml" format="http://purl.org/NET/mediatypes/application/xml" master="false"/>
  <content location="units_and_constants/ion_valency.cellml" format="http://identifiers.org/combine.specifications/cellml" master="false"/>
  <content location="units_and_constants/constants_BG.cellml" format="http://identifiers.org/combine.specifications/cellml" master="false"/>
  <content location="units_and_constants/units_BG.cellml" format="http://identifiers.org/combine.specifications/cellml" master="false"/>
  <content location="exposure/FCU_picture.png" format="http://purl.org/NET/mediatypes/image/png" master="false"/>
  <content location="exposure/exposure_frontpage.rst" format="http://purl.org/NET/mediatypes/text/plain" master="false"/>
  <content location="cAMP/BG_cAMP.sedml" format="http://identifiers.org/combine.specifications/sed-ml" master="true"/>
  <content location="cAMP/BG_cAMP.cellml" format="http://identifiers.org/combine.specifications/cellml" master="false"/>
  <content location="cAMP/parameter_finder/find_BG_parameters.py" format="http://purl.org/NET/mediatypes/application/x-python-code" master="false"/>
  <content location="cAMP/parameter_finder/find_BG_parameters.m" format="http://purl.org/NET/mediatypes/text/x-matlab" master="false"/>
  <content location="cAMP/parameter_finder/kinetic_parameters.m" format="http://purl.org/NET/mediatypes/text/x-matlab" master="false"/>
  <content location="cAMP/parameter_finder/kinetic_parameters_cAMP.py" format="http://purl.org/NET/mediatypes/application/x-python-code" master="false"/>
  <content location="cAMP/parameter_finder/data/rxnID.txt" format="http://purl.org/NET/mediatypes/text/plain" master="false"/>
  <content location="cAMP/parameter_finder/data/Kname.txt" format="http://purl.org/NET/mediatypes/text/plain" master="false"/>
  <content location="cAMP/parameter_finder/data/all_forward_matrix.txt" format="http://purl.org/NET/mediatypes/text/plain" master="false"/>
  <content location="cAMP/parameter_finder/data/all_reverse_matrix.txt" format="http://purl.org/NET/mediatypes/text/plain" master="false"/>
  <content location="cAMP/parameter_finder/data/stoichiometric_matrix.xlsx" format="http://purl.org/NET/mediatypes/application/vnd.openxmlformats-officedocument.spreadsheetml.sheet" master="false"/>
  <content location="cAMP/parameter_finder/data/~$stoichiometric_matrix.xlsx" format="http://purl.org/NET/mediatypes/application/vnd.openxmlformats-officedocument.spreadsheetml.sheet" master="false"/>
  <content location="cAMP/parameter_finder/__pycache__/kinetic_parameters.cpython-39.pyc" format="http://purl.org/NET/mediatypes/application/octet-stream" master="false"/>
  <content location="cAMP/parameter_finder/output/all_params.mat" format="http://purl.org/NET/mediatypes/text/x-matlab" master="false"/>
  <content location="cAMP/units_and_constants/constants_BG.cellml" format="http://identifiers.org/combine.specifications/cellml" master="false"/>
  <content location="cAMP/units_and_constants/units_BG.cellml" format="http://identifiers.org/combine.specifications/cellml" master="false"/>
  <content location="GPCR_B1AR_reduced/BG_GPCR_B1AR_reduced.sedml" format="http://identifiers.org/combine.specifications/sed-ml" master="true"/>
  <content location="GPCR_B1AR_reduced/BG_GPCR_B1AR_reduced.cellml" format="http://identifiers.org/combine.specifications/cellml" master="false"/>
  <content location="GPCR_B1AR_reduced/BG_GPCR_B1AR_reduced.m" format="http://purl.org/NET/mediatypes/text/x-matlab" master="false"/>
  <content location="GPCR_B1AR_reduced/parameter_finder/find_BG_parameters.py" format="http://purl.org/NET/mediatypes/application/x-python-code" master="false"/>
  <content location="GPCR_B1AR_reduced/parameter_finder/kinetic_parameters_GPCR_B1AR_reduced.py" format="http://purl.org/NET/mediatypes/application/x-python-code" master="false"/>
  <content location="GPCR_B1AR_reduced/parameter_finder/TEMP.cellml.txt" format="http://purl.org/NET/mediatypes/text/plain" master="false"/>
  <content location="GPCR_B1AR_reduced/parameter_finder/data/stoichiometric_matrix_GPCR_B1AR_reduced.xlsx" format="http://purl.org/NET/mediatypes/application/vnd.openxmlformats-officedocument.spreadsheetml.sheet" master="false"/>
  <content location="GPCR_B1AR_reduced/parameter_finder/data/rxnID.txt" format="http://purl.org/NET/mediatypes/text/plain" master="false"/>
  <content location="GPCR_B1AR_reduced/parameter_finder/data/Kname.txt" format="http://purl.org/NET/mediatypes/text/plain" master="false"/>
  <content location="GPCR_B1AR_reduced/parameter_finder/data/all_forward_matrix.txt" format="http://purl.org/NET/mediatypes/text/plain" master="false"/>
  <content location="GPCR_B1AR_reduced/parameter_finder/data/all_reverse_matrix.txt" format="http://purl.org/NET/mediatypes/text/plain" master="false"/>
  <content location="GPCR_B1AR_reduced/parameter_finder/__pycache__/kinetic_parameters_GPCR_B1AR_saucerman.cpython-39.pyc" format="http://purl.org/NET/mediatypes/application/octet-stream" master="false"/>
  <content location="GPCR_B1AR_reduced/parameter_finder/__pycache__/kinetic_parameters_GsProtein.cpython-39.pyc" format="http://purl.org/NET/mediatypes/application/octet-stream" master="false"/>
  <content location="GPCR_B1AR_reduced/parameter_finder/__pycache__/kinetic_parameters.cpython-39.pyc" format="http://purl.org/NET/mediatypes/application/octet-stream" master="false"/>
  <content location="GPCR_B1AR_reduced/parameter_finder/__pycache__/kinetic_parameters_GPCR_B1AR_reduced.cpython-39.pyc" format="http://purl.org/NET/mediatypes/application/octet-stream" master="false"/>
  <content location="GPCR_B1AR_reduced/parameter_finder/__pycache__/kinetic_parameters_GPCR_B1AR.cpython-39.pyc" format="http://purl.org/NET/mediatypes/application/octet-stream" master="false"/>
  <content location="GPCR_B1AR_reduced/parameter_finder/output/all_parameters_out.json" format="http://purl.org/NET/mediatypes/application/json" master="false"/>
  <content location="GPCR_B1AR_reduced/units_and_constants/constants_BG.cellml" format="http://identifiers.org/combine.specifications/cellml" master="false"/>
  <content location="GPCR_B1AR_reduced/units_and_constants/units_BG.cellml" format="http://identifiers.org/combine.specifications/cellml" master="false"/>
  <content location="GPCR_B1AR_reduced/.idea/BG_GPCR_B1AR.iml" format="http://purl.org/NET/mediatypes/application/octet-stream" master="false"/>
  <content location="GPCR_B1AR_reduced/.idea/misc.xml" format="http://purl.org/NET/mediatypes/application/xml" master="false"/>
  <content location="GPCR_B1AR_reduced/.idea/.gitignore" format="http://purl.org/NET/mediatypes/text/plain" master="false"/>
  <content location="GPCR_B1AR_reduced/.idea/vcs.xml" format="http://purl.org/NET/mediatypes/application/xml" master="false"/>
  <content location="GPCR_B1AR_reduced/.idea/modules.xml" format="http://purl.org/NET/mediatypes/application/xml" master="false"/>
  <content location="GPCR_B1AR_reduced/.idea/inspectionProfiles/Project_Default.xml" format="http://purl.org/NET/mediatypes/application/xml" master="false"/>
  <content location="GPCR_B1AR_reduced/.idea/inspectionProfiles/profiles_settings.xml" format="http://purl.org/NET/mediatypes/application/xml" master="false"/>
  <content location="GPCR_M2_reduced/BG_GPCR_M2_reduced.sedml" format="http://identifiers.org/combine.specifications/sed-ml" master="true"/>
  <content location="GPCR_M2_reduced/BG_GPCR_M2_reduced.cellml" format="http://identifiers.org/combine.specifications/cellml" master="false"/>
  <content location="GPCR_M2_reduced/parameter_finder/find_BG_parameters.py" format="http://purl.org/NET/mediatypes/application/x-python-code" master="false"/>
  <content location="GPCR_M2_reduced/parameter_finder/kinetic_parameters_GPCR_M2_reduced.py" format="http://purl.org/NET/mediatypes/application/x-python-code" master="false"/>
  <content location="GPCR_M2_reduced/parameter_finder/TEMP.cellml.txt" format="http://purl.org/NET/mediatypes/text/plain" master="false"/>
  <content location="GPCR_M2_reduced/parameter_finder/data/rxnID.txt" format="http://purl.org/NET/mediatypes/text/plain" master="false"/>
  <content location="GPCR_M2_reduced/parameter_finder/data/stoichiometric_matrix_GPCR_M2_reduced.xlsx" format="http://purl.org/NET/mediatypes/application/vnd.openxmlformats-officedocument.spreadsheetml.sheet" master="false"/>
  <content location="GPCR_M2_reduced/parameter_finder/data/~$stoichiometric_matrix_GPCR_B1AR_reduced.xlsx" format="http://purl.org/NET/mediatypes/application/vnd.openxmlformats-officedocument.spreadsheetml.sheet" master="false"/>
  <content location="GPCR_M2_reduced/parameter_finder/data/Kname.txt" format="http://purl.org/NET/mediatypes/text/plain" master="false"/>
  <content location="GPCR_M2_reduced/parameter_finder/data/all_forward_matrix.txt" format="http://purl.org/NET/mediatypes/text/plain" master="false"/>
  <content location="GPCR_M2_reduced/parameter_finder/data/all_reverse_matrix.txt" format="http://purl.org/NET/mediatypes/text/plain" master="false"/>
  <content location="GPCR_M2_reduced/parameter_finder/__pycache__/kinetic_parameters_GPCR_B1AR_saucerman.cpython-39.pyc" format="http://purl.org/NET/mediatypes/application/octet-stream" master="false"/>
  <content location="GPCR_M2_reduced/parameter_finder/__pycache__/kinetic_parameters_GsProtein.cpython-39.pyc" format="http://purl.org/NET/mediatypes/application/octet-stream" master="false"/>
  <content location="GPCR_M2_reduced/parameter_finder/__pycache__/kinetic_parameters.cpython-39.pyc" format="http://purl.org/NET/mediatypes/application/octet-stream" master="false"/>
  <content location="GPCR_M2_reduced/parameter_finder/__pycache__/kinetic_parameters_GPCR_M2_reduced.cpython-39.pyc" format="http://purl.org/NET/mediatypes/application/octet-stream" master="false"/>
  <content location="GPCR_M2_reduced/parameter_finder/__pycache__/kinetic_parameters_GPCR_B1AR_reduced.cpython-39.pyc" format="http://purl.org/NET/mediatypes/application/octet-stream" master="false"/>
  <content location="GPCR_M2_reduced/parameter_finder/__pycache__/kinetic_parameters_GPCR_B1AR.cpython-39.pyc" format="http://purl.org/NET/mediatypes/application/octet-stream" master="false"/>
  <content location="GPCR_M2_reduced/parameter_finder/output/all_parameters_out.json" format="http://purl.org/NET/mediatypes/application/json" master="false"/>
  <content location="GPCR_M2_reduced/units_and_constants/constants_BG.cellml" format="http://identifiers.org/combine.specifications/cellml" master="false"/>
  <content location="GPCR_M2_reduced/units_and_constants/units_BG.cellml" format="http://identifiers.org/combine.specifications/cellml" master="false"/>
  <content location="GPCR_M2_reduced/.idea/BG_GPCR_B1AR.iml" format="http://purl.org/NET/mediatypes/application/octet-stream" master="false"/>
  <content location="GPCR_M2_reduced/.idea/misc.xml" format="http://purl.org/NET/mediatypes/application/xml" master="false"/>
  <content location="GPCR_M2_reduced/.idea/.gitignore" format="http://purl.org/NET/mediatypes/text/plain" master="false"/>
  <content location="GPCR_M2_reduced/.idea/vcs.xml" format="http://purl.org/NET/mediatypes/application/xml" master="false"/>
  <content location="GPCR_M2_reduced/.idea/modules.xml" format="http://purl.org/NET/mediatypes/application/xml" master="false"/>
  <content location="GPCR_M2_reduced/.idea/inspectionProfiles/Project_Default.xml" format="http://purl.org/NET/mediatypes/application/xml" master="false"/>
  <content location="GPCR_M2_reduced/.idea/inspectionProfiles/profiles_settings.xml" format="http://purl.org/NET/mediatypes/application/xml" master="false"/>
  <content location="metadata.rdf" format="http://identifiers.org/combine.specifications/omex-metadata" master="false"/>
</omexManifest>
