<?xml version="1.0" encoding="UTF-8"?>
<omexManifest xmlns="http://identifiers.org/combine.specifications/omex-manifest">
  <content location="Weinstein_1995_NHE3_Fig3.cellml" format="http://identifiers.org/combine.specifications/cellml" master="false"/>
  <content location="Weinstein_1995_NHE3_Fig2.cellml" format="http://identifiers.org/combine.specifications/cellml" master="false"/>
  <content location="documentation-fig5.html" format="http://purl.org/NET/mediatypes/application/octet-stream" master="false"/>
  <content location="documentation-fig4.html" format="http://purl.org/NET/mediatypes/application/octet-stream" master="false"/>
  <content location="documentation-fig2.html" format="http://purl.org/NET/mediatypes/application/octet-stream" master="false"/>
  <content location="Weinstein_1995_NHE3_Fig2A.sedml" format="http://identifiers.org/combine.specifications/sed-ml" master="true"/>
  <content location="Weinstein_1995_NHE3-annotations.xml" format="http://purl.org/NET/mediatypes/application/xml" master="false"/>
  <content location="documentation-fig3b.html" format="http://purl.org/NET/mediatypes/application/octet-stream" master="false"/>
  <content location="documentation.html" format="http://purl.org/NET/mediatypes/application/octet-stream" master="false"/>
  <content location="documentation-model.html" format="http://purl.org/NET/mediatypes/application/octet-stream" master="false"/>
  <content location="Weinstein_1995_NHE3_Fig4A.sedml" format="http://identifiers.org/combine.specifications/sed-ml" master="true"/>
  <content location="Weinstein_1995_NHE3.cellml" format="http://identifiers.org/combine.specifications/cellml" master="false"/>
  <content location="Weinstein_1995_NHE3_Fig3b.cellml" format="http://identifiers.org/combine.specifications/cellml" master="false"/>
  <content location="Weinstein_1995_NHE3_Fig3A.sedml" format="http://identifiers.org/combine.specifications/sed-ml" master="true"/>
  <content location="Weinstein_1995_NHE3_Fig4.cellml" format="http://identifiers.org/combine.specifications/cellml" master="false"/>
  <content location="Weinstein_1995_NHE3_Fig3B.sedml" format="http://identifiers.org/combine.specifications/sed-ml" master="true"/>
  <content location="weinstein_1995.png" format="http://purl.org/NET/mediatypes/image/png" master="false"/>
  <content location="Weinstein_1995_NHE3_Fig5.cellml" format="http://identifiers.org/combine.specifications/cellml" master="false"/>
  <content location="weinstein_1995.ai" format="http://purl.org/NET/mediatypes/application/octet-stream" master="false"/>
  <content location="documentation-fig3.html" format="http://purl.org/NET/mediatypes/application/octet-stream" master="false"/>
  <content location="Weinstein_1995_NHE3_Fig4A.cellml" format="http://identifiers.org/combine.specifications/cellml" master="false"/>
  <content location="documentation-fig4b.html" format="http://purl.org/NET/mediatypes/application/octet-stream" master="false"/>
  <content location="Weinstein_1995_NHE3_Fig5.sedml" format="http://identifiers.org/combine.specifications/sed-ml" master="true"/>
  <content location="weinstein_1995.svg" format="http://purl.org/NET/mediatypes/image/svg+xml" master="false"/>
  <content location="Weinstein_1995_NHE3_Fig3A.cellml" format="http://identifiers.org/combine.specifications/cellml" master="false"/>
  <content location="Weinstein_1995_NHE3_Fig4B.sedml" format="http://identifiers.org/combine.specifications/sed-ml" master="true"/>
  <content location="Weinstein_1995_NHE3_Fig4b.cellml" format="http://identifiers.org/combine.specifications/cellml" master="false"/>
  <content location="Weinstein_1995_NHE3_Fig2B.sedml" format="http://identifiers.org/combine.specifications/sed-ml" master="true"/>
  <content location="metadata.rdf" format="http://identifiers.org/combine.specifications/omex-metadata" master="false"/>
</omexManifest>
