<?xml version="1.0" encoding="UTF-8"?>
<omexManifest xmlns="http://identifiers.org/combine.specifications/omex-manifest">
  <content location="documentation.html" format="http://purl.org/NET/mediatypes/application/octet-stream" master="false"/>
  <content location="documentation-model.html" format="http://purl.org/NET/mediatypes/application/octet-stream" master="false"/>
  <content location="documentation-example.html" format="http://purl.org/NET/mediatypes/application/octet-stream" master="false"/>
  <content location="Ostby_2009_NBC.cellml" format="http://identifiers.org/combine.specifications/cellml" master="false"/>
  <content location="NBC_test.sedml" format="http://identifiers.org/combine.specifications/sed-ml" master="true"/>
  <content location="NBC_test.cellml" format="http://identifiers.org/combine.specifications/cellml" master="false"/>
  <content location="Units/Units.cellml" format="http://identifiers.org/combine.specifications/cellml" master="false"/>
  <content location="metadata.rdf" format="http://identifiers.org/combine.specifications/omex-metadata" master="false"/>
</omexManifest>
