<?xml version="1.0" encoding="UTF-8"?>
<omexManifest xmlns="http://identifiers.org/combine.specifications/omex-manifest">
  <content location="chen_calzone_csikasznagy_cross_novak_tyson_2004.cellml" format="http://identifiers.org/combine.specifications/cellml" master="false"/>
  <content location="chen_2004.png" format="http://purl.org/NET/mediatypes/image/png" master="false"/>
  <content location="chen_2004.ai" format="http://purl.org/NET/mediatypes/application/octet-stream" master="false"/>
  <content location="chen_calzone_csikasznagy_cross_novak_tyson_2004.session.xml" format="http://purl.org/NET/mediatypes/application/xml" master="false"/>
  <content location="chen_2004.svg" format="http://purl.org/NET/mediatypes/image/svg+xml" master="false"/>
  <content location="chen_calzone_csikasznagy_cross_novak_tyson_2004_Fig2.sedml" format="http://identifiers.org/combine.specifications/sed-ml" master="true"/>
  <content location="reaction_diagram.gif" format="http://purl.org/NET/mediatypes/image/gif" master="false"/>
  <content location="chen_2004.xul" format="http://purl.org/NET/mediatypes/application/octet-stream" master="false"/>
  <content location="metadata.rdf" format="http://identifiers.org/combine.specifications/omex-metadata" master="false"/>
</omexManifest>
