<?xml version="1.0" encoding="UTF-8"?>
<omexManifest xmlns="http://identifiers.org/combine.specifications/omex-manifest">
  <content location="Strieter_1992_NaK.cellml" format="http://identifiers.org/combine.specifications/cellml" master="false"/>
  <content location="NaK_test.sedml" format="http://identifiers.org/combine.specifications/sed-ml" master="true"/>
  <content location="NaK_test.cellml" format="http://identifiers.org/combine.specifications/cellml" master="false"/>
  <content location="documentation.html" format="http://purl.org/NET/mediatypes/application/octet-stream" master="false"/>
  <content location="documentation-model.html" format="http://purl.org/NET/mediatypes/application/octet-stream" master="false"/>
  <content location="test.png" format="http://purl.org/NET/mediatypes/image/png" master="false"/>
  <content location="documentation-example.html" format="http://purl.org/NET/mediatypes/application/octet-stream" master="false"/>
  <content location="screenshots/NaK pump.svg" format="http://purl.org/NET/mediatypes/image/svg+xml" master="false"/>
  <content location="screenshots/NaK pump.png" format="http://purl.org/NET/mediatypes/image/png" master="false"/>
  <content location="BG-original/Units.cellml" format="http://identifiers.org/combine.specifications/cellml" master="false"/>
  <content location="BG-original/NaK_module.cellml" format="http://identifiers.org/combine.specifications/cellml" master="false"/>
  <content location="BG-original/StateDiagram.cellml" format="http://identifiers.org/combine.specifications/cellml" master="false"/>
  <content location="Units/Units.cellml" format="http://identifiers.org/combine.specifications/cellml" master="false"/>
  <content location="BG-simplified/Parameters.cellml" format="http://identifiers.org/combine.specifications/cellml" master="false"/>
  <content location="BG-simplified/Units.cellml" format="http://identifiers.org/combine.specifications/cellml" master="false"/>
  <content location="BG-simplified/StateDiagram.cellml" format="http://identifiers.org/combine.specifications/cellml" master="false"/>
  <content location="BG-simplified/NaK_BG.cellml" format="http://identifiers.org/combine.specifications/cellml" master="false"/>
  <content location="metadata.rdf" format="http://identifiers.org/combine.specifications/omex-metadata" master="false"/>
</omexManifest>
