<?xml version="1.0" encoding="UTF-8"?>
<omexManifest xmlns="http://identifiers.org/combine.specifications/omex-manifest">
  <content location=".gitignore" format="http://purl.org/NET/mediatypes/text/plain" master="false"/>
  <content location="cellLib/Protocols/Patch_clamp_protocol.cellml" format="http://identifiers.org/combine.specifications/cellml" master="false"/>
  <content location="cellLib/Protocols/periodic-IStim-protocol.cellml" format="http://identifiers.org/combine.specifications/cellml" master="false"/>
  <content location="cellLib/Protocols/Voltage_ramp_protocol.cellml" format="http://identifiers.org/combine.specifications/cellml" master="false"/>
  <content location="cellLib/BG_fit/calc_tau.m" format="http://purl.org/NET/mediatypes/text/x-matlab" master="false"/>
  <content location="cellLib/BG_fit/p2gss.m" format="http://purl.org/NET/mediatypes/text/x-matlab" master="false"/>
  <content location="cellLib/BG_fit/gate_plot.m" format="http://purl.org/NET/mediatypes/text/x-matlab" master="false"/>
  <content location="cellLib/BG_fit/calc_gss.m" format="http://purl.org/NET/mediatypes/text/x-matlab" master="false"/>
  <content location="cellLib/BG_fit/calc_beta.m" format="http://purl.org/NET/mediatypes/text/x-matlab" master="false"/>
  <content location="cellLib/BG_fit/p2tau.m" format="http://purl.org/NET/mediatypes/text/x-matlab" master="false"/>
  <content location="cellLib/BG_fit/calc_alpha.m" format="http://purl.org/NET/mediatypes/text/x-matlab" master="false"/>
  <content location="cellLib/BG_fit/GHK_cal.m" format="http://purl.org/NET/mediatypes/text/x-matlab" master="false"/>
  <content location="cellLib/BG_fit/square_error.m" format="http://purl.org/NET/mediatypes/text/x-matlab" master="false"/>
  <content location="cellLib/BG_fit/calc_gate_transitions.m" format="http://purl.org/NET/mediatypes/text/x-matlab" master="false"/>
  <content location="cellLib/BG/IX_BG.cellml" format="http://identifiers.org/combine.specifications/cellml" master="false"/>
  <content location="cellLib/BG/C_BG.cellml" format="http://identifiers.org/combine.specifications/cellml" master="false"/>
  <content location="cellLib/BG/constants_BG.cellml" format="http://identifiers.org/combine.specifications/cellml" master="false"/>
  <content location="cellLib/BG/gate_n4_BG.cellml" format="http://identifiers.org/combine.specifications/cellml" master="false"/>
  <content location="cellLib/BG/gate_BG.cellml" format="http://identifiers.org/combine.specifications/cellml" master="false"/>
  <content location="cellLib/BG/units_BG.cellml" format="http://identifiers.org/combine.specifications/cellml" master="false"/>
  <content location="cellLib/BG/gate_m3h_BG.cellml" format="http://identifiers.org/combine.specifications/cellml" master="false"/>
  <content location="cellLib/BG/channelX_BG.cellml" format="http://identifiers.org/combine.specifications/cellml" master="false"/>
  <content location="cellLib/Components/E_Nernst.cellml" format="http://identifiers.org/combine.specifications/cellml" master="false"/>
  <content location="cellLib/Components/Ionic_currents.cellml" format="http://identifiers.org/combine.specifications/cellml" master="false"/>
  <content location="cellLib/Components/CB4Yang.cellml" format="http://identifiers.org/combine.specifications/cellml" master="false"/>
  <content location="cellLib/Components/gating-variable.cellml" format="http://identifiers.org/combine.specifications/cellml" master="false"/>
  <content location="cellLib/Components/time.cellml" format="http://identifiers.org/combine.specifications/cellml" master="false"/>
  <content location="cellLib/Components/Nernst_potential.cellml" format="http://identifiers.org/combine.specifications/cellml" master="false"/>
  <content location="cellLib/Components/gate_steady.cellml" format="http://identifiers.org/combine.specifications/cellml" master="false"/>
  <content location="cellLib/Components/Hillfcn.cellml" format="http://identifiers.org/combine.specifications/cellml" master="false"/>
  <content location="cellLib/Components/CB4HM.cellml" format="http://identifiers.org/combine.specifications/cellml" master="false"/>
  <content location="cellLib/Components/phiT.cellml" format="http://identifiers.org/combine.specifications/cellml" master="false"/>
  <content location="cellLib/Components/Xi.cellml" format="http://identifiers.org/combine.specifications/cellml" master="false"/>
  <content location="cellLib/Components/gating_kinetics.cellml" format="http://identifiers.org/combine.specifications/cellml" master="false"/>
  <content location="cellLib/Components/units.cellml" format="http://identifiers.org/combine.specifications/cellml" master="false"/>
  <content location="sed-ml/V0_IV.png" format="http://purl.org/NET/mediatypes/image/png" master="false"/>
  <content location="sed-ml/originalFig16.png" format="http://purl.org/NET/mediatypes/image/png" master="false"/>
  <content location="sed-ml/fig11_g.csv" format="http://purl.org/NET/mediatypes/text/csv" master="false"/>
  <content location="sed-ml/fig21_(-7).csv" format="http://purl.org/NET/mediatypes/text/csv" master="false"/>
  <content location="sed-ml/fig22.csv" format="http://purl.org/NET/mediatypes/text/csv" master="false"/>
  <content location="sed-ml/fig12_7.csv" format="http://purl.org/NET/mediatypes/text/csv" master="false"/>
  <content location="sed-ml/fig13.png" format="http://purl.org/NET/mediatypes/image/png" master="false"/>
  <content location="sed-ml/fig21_-6.dig" format="http://purl.org/NET/mediatypes/application/octet-stream" master="false"/>
  <content location="sed-ml/gating_sim.py" format="http://purl.org/NET/mediatypes/application/x-python-code" master="false"/>
  <content location="sed-ml/fig14.csv" format="http://purl.org/NET/mediatypes/text/csv" master="false"/>
  <content location="sed-ml/fig11.png" format="http://purl.org/NET/mediatypes/image/png" master="false"/>
  <content location="sed-ml/periodic-stimulus.xml" format="http://purl.org/NET/mediatypes/application/xml" master="false"/>
  <content location="sed-ml/thresholdGating_plot.py" format="http://purl.org/NET/mediatypes/application/x-python-code" master="false"/>
  <content location="sed-ml/fig21_(-6).csv" format="http://purl.org/NET/mediatypes/text/csv" master="false"/>
  <content location="sed-ml/originalFig21_plot.py" format="http://purl.org/NET/mediatypes/application/x-python-code" master="false"/>
  <content location="sed-ml/fig19_h.csv" format="http://purl.org/NET/mediatypes/text/csv" master="false"/>
  <content location="sed-ml/fig11_b.csv" format="http://purl.org/NET/mediatypes/text/csv" master="false"/>
  <content location="sed-ml/Ist2.png" format="http://purl.org/NET/mediatypes/image/png" master="false"/>
  <content location="sed-ml/originalFig16_plot.py" format="http://purl.org/NET/mediatypes/application/x-python-code" master="false"/>
  <content location="sed-ml/originalFig20_plot.py" format="http://purl.org/NET/mediatypes/application/x-python-code" master="false"/>
  <content location="sed-ml/thresholdGating.png" format="http://purl.org/NET/mediatypes/image/png" master="false"/>
  <content location="sed-ml/fig14.dig" format="http://purl.org/NET/mediatypes/application/octet-stream" master="false"/>
  <content location="sed-ml/V0IV_plot.py" format="http://purl.org/NET/mediatypes/application/x-python-code" master="false"/>
  <content location="sed-ml/originalFig13_sim.py" format="http://purl.org/NET/mediatypes/application/x-python-code" master="false"/>
  <content location="sed-ml/fig11_d.dig" format="http://purl.org/NET/mediatypes/application/octet-stream" master="false"/>
  <content location="sed-ml/originalFig20.png" format="http://purl.org/NET/mediatypes/image/png" master="false"/>
  <content location="sed-ml/anodeGating_plot.py" format="http://purl.org/NET/mediatypes/application/x-python-code" master="false"/>
  <content location="sed-ml/fig21_-2.dig" format="http://purl.org/NET/mediatypes/application/octet-stream" master="false"/>
  <content location="sed-ml/fig11_g.dig" format="http://purl.org/NET/mediatypes/application/octet-stream" master="false"/>
  <content location="sed-ml/originalFig13_plot.py" format="http://purl.org/NET/mediatypes/application/x-python-code" master="false"/>
  <content location="sed-ml/fig16_g.dig" format="http://purl.org/NET/mediatypes/application/octet-stream" master="false"/>
  <content location="sed-ml/originalFig22_sim.py" format="http://purl.org/NET/mediatypes/application/x-python-code" master="false"/>
  <content location="sed-ml/fig22.dig" format="http://purl.org/NET/mediatypes/application/octet-stream" master="false"/>
  <content location="sed-ml/thresholdIV_plot.py" format="http://purl.org/NET/mediatypes/application/x-python-code" master="false"/>
  <content location="sed-ml/fig22.png" format="http://purl.org/NET/mediatypes/image/png" master="false"/>
  <content location="sed-ml/fig21_10.dig" format="http://purl.org/NET/mediatypes/application/octet-stream" master="false"/>
  <content location="sed-ml/fig12.png" format="http://purl.org/NET/mediatypes/image/png" master="false"/>
  <content location="sed-ml/fig11_f.csv" format="http://purl.org/NET/mediatypes/text/csv" master="false"/>
  <content location="sed-ml/anode_IV.png" format="http://purl.org/NET/mediatypes/image/png" master="false"/>
  <content location="sed-ml/fig11_i.dig" format="http://purl.org/NET/mediatypes/application/octet-stream" master="false"/>
  <content location="sed-ml/fig19_h.dig" format="http://purl.org/NET/mediatypes/application/octet-stream" master="false"/>
  <content location="sed-ml/V0_plot.py" format="http://purl.org/NET/mediatypes/application/x-python-code" master="false"/>
  <content location="sed-ml/IstPositive_plot.py" format="http://purl.org/NET/mediatypes/application/x-python-code" master="false"/>
  <content location="sed-ml/IstPositive.png" format="http://purl.org/NET/mediatypes/image/png" master="false"/>
  <content location="sed-ml/fig11_c.csv" format="http://purl.org/NET/mediatypes/text/csv" master="false"/>
  <content location="sed-ml/threshold.png" format="http://purl.org/NET/mediatypes/image/png" master="false"/>
  <content location="sed-ml/IstGating_plot.py" format="http://purl.org/NET/mediatypes/application/x-python-code" master="false"/>
  <content location="sed-ml/Ist2_IV.png" format="http://purl.org/NET/mediatypes/image/png" master="false"/>
  <content location="sed-ml/subthreshold_plot.py" format="http://purl.org/NET/mediatypes/application/x-python-code" master="false"/>
  <content location="sed-ml/Fig11_d.csv" format="http://purl.org/NET/mediatypes/text/csv" master="false"/>
  <content location="sed-ml/fig11_a.csv" format="http://purl.org/NET/mediatypes/text/csv" master="false"/>
  <content location="sed-ml/originalFig14.png" format="http://purl.org/NET/mediatypes/image/png" master="false"/>
  <content location="sed-ml/periodic-stimulus.sedml" format="http://identifiers.org/combine.specifications/sed-ml" master="true"/>
  <content location="sed-ml/anodeIV_plot.py" format="http://purl.org/NET/mediatypes/application/x-python-code" master="false"/>
  <content location="sed-ml/V0.png" format="http://purl.org/NET/mediatypes/image/png" master="false"/>
  <content location="sed-ml/Ist_plot.py" format="http://purl.org/NET/mediatypes/application/x-python-code" master="false"/>
  <content location="sed-ml/fig21_(-5).csv" format="http://purl.org/NET/mediatypes/text/csv" master="false"/>
  <content location="sed-ml/threshold_IV.png" format="http://purl.org/NET/mediatypes/image/png" master="false"/>
  <content location="sed-ml/originalFig20_sim.py" format="http://purl.org/NET/mediatypes/application/x-python-code" master="false"/>
  <content location="sed-ml/fig11_h.dig" format="http://purl.org/NET/mediatypes/application/octet-stream" master="false"/>
  <content location="sed-ml/fig11_b.dig" format="http://purl.org/NET/mediatypes/application/octet-stream" master="false"/>
  <content location="sed-ml/fig19_gK.csv" format="http://purl.org/NET/mediatypes/text/csv" master="false"/>
  <content location="sed-ml/fig14.PNG" format="http://purl.org/NET/mediatypes/image/png" master="false"/>
  <content location="sed-ml/get_init.py" format="http://purl.org/NET/mediatypes/application/x-python-code" master="false"/>
  <content location="sed-ml/threshold_plot.py" format="http://purl.org/NET/mediatypes/application/x-python-code" master="false"/>
  <content location="sed-ml/fig19.png" format="http://purl.org/NET/mediatypes/image/png" master="false"/>
  <content location="sed-ml/originalFig22.png" format="http://purl.org/NET/mediatypes/image/png" master="false"/>
  <content location="sed-ml/originalFig11_sim.py" format="http://purl.org/NET/mediatypes/application/x-python-code" master="false"/>
  <content location="sed-ml/originalFig13.png" format="http://purl.org/NET/mediatypes/image/png" master="false"/>
  <content location="sed-ml/IstGating.png" format="http://purl.org/NET/mediatypes/image/png" master="false"/>
  <content location="sed-ml/originalFig12_sim.py" format="http://purl.org/NET/mediatypes/application/x-python-code" master="false"/>
  <content location="sed-ml/originalFig12.png" format="http://purl.org/NET/mediatypes/image/png" master="false"/>
  <content location="sed-ml/originalFig12_plot.py" format="http://purl.org/NET/mediatypes/application/x-python-code" master="false"/>
  <content location="sed-ml/anodeGating.png" format="http://purl.org/NET/mediatypes/image/png" master="false"/>
  <content location="sed-ml/fig16_v.csv" format="http://purl.org/NET/mediatypes/text/csv" master="false"/>
  <content location="sed-ml/fig21_-7.dig" format="http://purl.org/NET/mediatypes/application/octet-stream" master="false"/>
  <content location="sed-ml/fig11_a.dig" format="http://purl.org/NET/mediatypes/application/octet-stream" master="false"/>
  <content location="sed-ml/fig20_B.csv" format="http://purl.org/NET/mediatypes/text/csv" master="false"/>
  <content location="sed-ml/fig21_-5.dig" format="http://purl.org/NET/mediatypes/application/octet-stream" master="false"/>
  <content location="sed-ml/fig21.png" format="http://purl.org/NET/mediatypes/image/png" master="false"/>
  <content location="sed-ml/fig12_15.csv" format="http://purl.org/NET/mediatypes/text/csv" master="false"/>
  <content location="sed-ml/fig20.png" format="http://purl.org/NET/mediatypes/image/png" master="false"/>
  <content location="sed-ml/gating_experiment.sedml" format="http://identifiers.org/combine.specifications/sed-ml" master="true"/>
  <content location="sed-ml/fig16.png" format="http://purl.org/NET/mediatypes/image/png" master="false"/>
  <content location="sed-ml/fig16_g.csv" format="http://purl.org/NET/mediatypes/text/csv" master="false"/>
  <content location="sed-ml/fig12_90.csv" format="http://purl.org/NET/mediatypes/text/csv" master="false"/>
  <content location="sed-ml/fig20_C.csv" format="http://purl.org/NET/mediatypes/text/csv" master="false"/>
  <content location="sed-ml/IstIV_plot.py" format="http://purl.org/NET/mediatypes/application/x-python-code" master="false"/>
  <content location="sed-ml/fig11_e.dig" format="http://purl.org/NET/mediatypes/application/octet-stream" master="false"/>
  <content location="sed-ml/gating_plot.py" format="http://purl.org/NET/mediatypes/application/x-python-code" master="false"/>
  <content location="sed-ml/IstPositiveIV_plot.py" format="http://purl.org/NET/mediatypes/application/x-python-code" master="false"/>
  <content location="sed-ml/originalFig21.png" format="http://purl.org/NET/mediatypes/image/png" master="false"/>
  <content location="sed-ml/IstPositiveGating_plot.py" format="http://purl.org/NET/mediatypes/application/x-python-code" master="false"/>
  <content location="sed-ml/fig12_6.csv" format="http://purl.org/NET/mediatypes/text/csv" master="false"/>
  <content location="sed-ml/subthreshold.png" format="http://purl.org/NET/mediatypes/image/png" master="false"/>
  <content location="sed-ml/originalFig21_sim.py" format="http://purl.org/NET/mediatypes/application/x-python-code" master="false"/>
  <content location="sed-ml/originalFig14_plot.py" format="http://purl.org/NET/mediatypes/application/x-python-code" master="false"/>
  <content location="sed-ml/fig21_(-2).csv" format="http://purl.org/NET/mediatypes/text/csv" master="false"/>
  <content location="sed-ml/subthresholdIV_plot.py" format="http://purl.org/NET/mediatypes/application/x-python-code" master="false"/>
  <content location="sed-ml/originalFig14_sim.py" format="http://purl.org/NET/mediatypes/application/x-python-code" master="false"/>
  <content location="sed-ml/fig11_j.csv" format="http://purl.org/NET/mediatypes/text/csv" master="false"/>
  <content location="sed-ml/originalFig11.png" format="http://purl.org/NET/mediatypes/image/png" master="false"/>
  <content location="sed-ml/fig21_(10).csv" format="http://purl.org/NET/mediatypes/text/csv" master="false"/>
  <content location="sed-ml/subthreshold_IV.png" format="http://purl.org/NET/mediatypes/image/png" master="false"/>
  <content location="sed-ml/originalFig22_plot.py" format="http://purl.org/NET/mediatypes/application/x-python-code" master="false"/>
  <content location="sed-ml/fig11_e.csv" format="http://purl.org/NET/mediatypes/text/csv" master="false"/>
  <content location="sed-ml/fig20_A.csv" format="http://purl.org/NET/mediatypes/text/csv" master="false"/>
  <content location="sed-ml/fig11_h.csv" format="http://purl.org/NET/mediatypes/text/csv" master="false"/>
  <content location="sed-ml/originalFig11_plot.py" format="http://purl.org/NET/mediatypes/application/x-python-code" master="false"/>
  <content location="sed-ml/fig11_f.dig" format="http://purl.org/NET/mediatypes/application/octet-stream" master="false"/>
  <content location="sed-ml/V0_sim.py" format="http://purl.org/NET/mediatypes/application/x-python-code" master="false"/>
  <content location="sed-ml/fig11_j.dig" format="http://purl.org/NET/mediatypes/application/octet-stream" master="false"/>
  <content location="sed-ml/fig13.csv" format="http://purl.org/NET/mediatypes/text/csv" master="false"/>
  <content location="sed-ml/fig11_i.csv" format="http://purl.org/NET/mediatypes/text/csv" master="false"/>
  <content location="sed-ml/anode_plot.py" format="http://purl.org/NET/mediatypes/application/x-python-code" master="false"/>
  <content location="sed-ml/gating.png" format="http://purl.org/NET/mediatypes/image/png" master="false"/>
  <content location="sed-ml/IstPositive_IV.png" format="http://purl.org/NET/mediatypes/image/png" master="false"/>
  <content location="sed-ml/fig20_D.csv" format="http://purl.org/NET/mediatypes/text/csv" master="false"/>
  <content location="sed-ml/originalFig19.png" format="http://purl.org/NET/mediatypes/image/png" master="false"/>
  <content location="sed-ml/Ist_sim.py" format="http://purl.org/NET/mediatypes/application/x-python-code" master="false"/>
  <content location="sed-ml/voltage_clamp_experiment.sedml" format="http://identifiers.org/combine.specifications/sed-ml" master="true"/>
  <content location="sed-ml/Ist2_plot.py" format="http://purl.org/NET/mediatypes/application/x-python-code" master="false"/>
  <content location="sed-ml/fig19_v.csv" format="http://purl.org/NET/mediatypes/text/csv" master="false"/>
  <content location="sed-ml/fig11_c.dig" format="http://purl.org/NET/mediatypes/application/octet-stream" master="false"/>
  <content location="sed-ml/fig16_v.dig" format="http://purl.org/NET/mediatypes/application/octet-stream" master="false"/>
  <content location="sed-ml/originalFig19_plot.py" format="http://purl.org/NET/mediatypes/application/x-python-code" master="false"/>
  <content location="sed-ml/AP_propagation_experiment.sedml" format="http://identifiers.org/combine.specifications/sed-ml" master="true"/>
  <content location="sed-ml/scripts_BG/K_forward_matrix.xlsx" format="http://purl.org/NET/mediatypes/application/vnd.openxmlformats-officedocument.spreadsheetml.sheet" master="false"/>
  <content location="sed-ml/scripts_BG/Na_gating_m.m" format="http://purl.org/NET/mediatypes/text/x-matlab" master="false"/>
  <content location="sed-ml/scripts_BG/GHK_IV_cal.m" format="http://purl.org/NET/mediatypes/text/x-matlab" master="false"/>
  <content location="sed-ml/scripts_BG/Na_gating_h.m" format="http://purl.org/NET/mediatypes/text/x-matlab" master="false"/>
  <content location="sed-ml/scripts_BG/Na_forward_matrix.xlsx" format="http://purl.org/NET/mediatypes/application/vnd.openxmlformats-officedocument.spreadsheetml.sheet" master="false"/>
  <content location="sed-ml/scripts_BG/BG_paras_K.m" format="http://purl.org/NET/mediatypes/text/x-matlab" master="false"/>
  <content location="sed-ml/scripts_BG/Na_reverse_matrix.xlsx" format="http://purl.org/NET/mediatypes/application/vnd.openxmlformats-officedocument.spreadsheetml.sheet" master="false"/>
  <content location="sed-ml/scripts_BG/K_gating_n.m" format="http://purl.org/NET/mediatypes/text/x-matlab" master="false"/>
  <content location="sed-ml/scripts_BG/K_reverse_matrix.xlsx" format="http://purl.org/NET/mediatypes/application/vnd.openxmlformats-officedocument.spreadsheetml.sheet" master="false"/>
  <content location="sed-ml/scripts_BG/BG_paras_Na.m" format="http://purl.org/NET/mediatypes/text/x-matlab" master="false"/>
  <content location="experiments/gating_experiment.cellml" format="http://identifiers.org/combine.specifications/cellml" master="false"/>
  <content location="experiments/periodic-stimulus.cellml" format="http://identifiers.org/combine.specifications/cellml" master="false"/>
  <content location="experiments/AP_propagation_experiment.cellml" format="http://identifiers.org/combine.specifications/cellml" master="false"/>
  <content location="experiments/voltage_clamp_experiment.cellml" format="http://identifiers.org/combine.specifications/cellml" master="false"/>
  <content location="doc/propagated_AP.rst" format="http://purl.org/NET/mediatypes/text/plain" master="false"/>
  <content location="doc/components.rst" format="http://purl.org/NET/mediatypes/text/plain" master="false"/>
  <content location="doc/math-overview.png" format="http://purl.org/NET/mediatypes/image/png" master="false"/>
  <content location="doc/time.rst" format="http://purl.org/NET/mediatypes/text/plain" master="false"/>
  <content location="doc/gate_initials.rst" format="http://purl.org/NET/mediatypes/text/plain" master="false"/>
  <content location="doc/voltage_clamp_experiment.rst" format="http://purl.org/NET/mediatypes/text/plain" master="false"/>
  <content location="doc/README.rst" format="http://purl.org/NET/mediatypes/text/plain" master="false"/>
  <content location="doc/temperature_factor.rst" format="http://purl.org/NET/mediatypes/text/plain" master="false"/>
  <content location="doc/clamped_current.rst" format="http://purl.org/NET/mediatypes/text/plain" master="false"/>
  <content location="doc/stimulated.rst" format="http://purl.org/NET/mediatypes/text/plain" master="false"/>
  <content location="doc/periodic-stimulus.rst" format="http://purl.org/NET/mediatypes/text/plain" master="false"/>
  <content location="doc/AP_propagation_experiment.rst" format="http://purl.org/NET/mediatypes/text/plain" master="false"/>
  <content location="doc/experiments.rst" format="http://purl.org/NET/mediatypes/text/plain" master="false"/>
  <content location="BG/channelNa_BG.cellml" format="http://identifiers.org/combine.specifications/cellml" master="false"/>
  <content location="BG/INa_BG.cellml" format="http://identifiers.org/combine.specifications/cellml" master="false"/>
  <content location="BG/AP_BG.cellml" format="http://identifiers.org/combine.specifications/cellml" master="false"/>
  <content location="BG/Ileak_BG.cellml" format="http://identifiers.org/combine.specifications/cellml" master="false"/>
  <content location="BG/IK_BG.cellml" format="http://identifiers.org/combine.specifications/cellml" master="false"/>
  <content location="BG/channelK_BG.cellml" format="http://identifiers.org/combine.specifications/cellml" master="false"/>
  <content location="components/clamped_current.cellml" format="http://identifiers.org/combine.specifications/cellml" master="false"/>
  <content location="components/IK.cellml" format="http://identifiers.org/combine.specifications/cellml" master="false"/>
  <content location="components/IK-gating-rates.cellml" format="http://identifiers.org/combine.specifications/cellml" master="false"/>
  <content location="components/INa-gating-rates.cellml" format="http://identifiers.org/combine.specifications/cellml" master="false"/>
  <content location="components/gate_initials.cellml" format="http://identifiers.org/combine.specifications/cellml" master="false"/>
  <content location="components/default-variable-values.cellml" format="http://identifiers.org/combine.specifications/cellml" master="false"/>
  <content location="components/stimulated.cellml" format="http://identifiers.org/combine.specifications/cellml" master="false"/>
  <content location="components/propagated_AP.cellml" format="http://identifiers.org/combine.specifications/cellml" master="false"/>
  <content location="components/INa.cellml" format="http://identifiers.org/combine.specifications/cellml" master="false"/>
  <content location="components/activation_function.cellml" format="http://identifiers.org/combine.specifications/cellml" master="false"/>
  <content location="components/Ileak.cellml" format="http://identifiers.org/combine.specifications/cellml" master="false"/>
  <content location="metadata.rdf" format="http://identifiers.org/combine.specifications/omex-metadata" master="false"/>
</omexManifest>
