<?xml version='1.0' encoding='utf-8'?>
<RDF:RDF xmlns:NS2="http://www.cellml.org/metadata/graphs/1.0#" xmlns:NS1="http://www.cellml.org/tools/pcenv/" xmlns:NC="http://home.netscape.com/NC-rdf#" xmlns:RDF="http://www.w3.org/1999/02/22-rdf-syntax-ns#">
  <RDF:Description RDF:about="http://www.cellml.org/tools/pcenv/splitter/intergraph1" NS1:splitterState_prevHeight="257" NS1:splitterState_nextHeight="300"/>
  <RDF:Description RDF:about="rdf:#$LdcE11">
    <NS2:variable RDF:resource="beeler_reuter_1977.cellml#sodium_current_i_Na"/>
  </RDF:Description>
  <RDF:Description RDF:about="rdf:#$IdcE11">
    <RDF:first RDF:resource="rdf:#$JdcE11"/>
    <RDF:rest RDF:resource="rdf:#$MdcE11"/>
  </RDF:Description>
  <RDF:Description RDF:about="http://www.cellml.org/tools/pcenv/splitter/graph_key_graph1" NS1:splitterState_collapsedAfter="true" NS1:splitterState_prevHeight="209" NS1:splitterState_nextHeight="0"/>
  <RDF:Description RDF:about="rdf:#$SdcE11">
    <NS2:variable RDF:resource="beeler_reuter_1977.cellml#environment_time"/>
  </RDF:Description>
  <RDF:Description RDF:about="rdf:#$TdcE11">
    <NS2:variable RDF:resource="beeler_reuter_1977.cellml#time_dependent_outward_current_i_x1"/>
  </RDF:Description>
  <RDF:Description RDF:about="http://www.cellml.org/tools/pcenv/displayGraphs">
    <RDF:first RDF:resource="rdf:#$zdcE11"/>
  </RDF:Description>
  <RDF:Description RDF:about="beeler_reuter_1977.cellml" NS1:modelname="beeler_reuter_1977_version08" NS1:modelfrozen="true">
    <NS1:derivedmodels RDF:resource="rdf:#$ydcE11"/>
  </RDF:Description>
  <RDF:Description RDF:about="rdf:#$JdcE11" NS2:colour="#369e69">
    <NS2:type RDF:resource="http://www.cellml.org/metadata/graphs/1.0#scatter"/>
    <NS2:glyph RDF:resource="http://www.cellml.org/metadata/graphs/1.0#nonstandard-none"/>
    <NS2:x-variable RDF:resource="rdf:#$KdcE11"/>
    <NS2:y-variable RDF:resource="rdf:#$LdcE11"/>
  </RDF:Description>
  <RDF:Description RDF:about="rdf:#$3dr1Y3" NS1:graphname="Membrane potential (mV)">
    <NS2:traces RDF:resource="rdf:#$BdcE11"/>
  </RDF:Description>
  <RDF:Description RDF:about="http://www.cellml.org/tools/pcenv/splitter/graph_sel_graph1">
    <NS1:activegraph RDF:resource="rdf:#$3dr1Y3"/>
  </RDF:Description>
  <RDF:Description RDF:about="rdf:#$NdcE11" NS2:colour="#3366ff">
    <NS2:type RDF:resource="http://www.cellml.org/metadata/graphs/1.0#line"/>
    <NS2:x-variable RDF:resource="rdf:#$OdcE11"/>
    <NS2:y-variable RDF:resource="rdf:#$PdcE11"/>
  </RDF:Description>
  <RDF:Description RDF:about="http://www.cellml.org/tools/pcenv/splitter/intergraph2" NS1:splitterState_prevHeight="300" NS1:splitterState_nextHeight="300"/>
  <RDF:Description RDF:about="rdf:#$VdcE11" NS2:colour="#cc33cc">
    <NS2:type RDF:resource="http://www.cellml.org/metadata/graphs/1.0#line"/>
    <NS2:x-variable RDF:resource="rdf:#$WdcE11"/>
    <NS2:y-variable RDF:resource="rdf:#$XdcE11"/>
  </RDF:Description>
  <RDF:Description RDF:about="rdf:#$FdcE11">
    <NS2:variable RDF:resource="beeler_reuter_1977.cellml#membrane_V"/>
  </RDF:Description>
  <RDF:Description RDF:about="rdf:#$OdcE11">
    <NS2:variable RDF:resource="beeler_reuter_1977.cellml#environment_time"/>
  </RDF:Description>
  <RDF:Description RDF:about="rdf:#$MdcE11">
    <RDF:first RDF:resource="rdf:#$NdcE11"/>
    <RDF:rest RDF:resource="rdf:#$QdcE11"/>
  </RDF:Description>
  <RDF:Description RDF:about="rdf:#$UdcE11">
    <RDF:first RDF:resource="rdf:#$VdcE11"/>
    <RDF:rest RDF:resource="http://www.w3.org/1999/02/22-rdf-syntax-ns#nil"/>
  </RDF:Description>
  <RDF:Description RDF:about="http://www.cellml.org/tools/pcenv/splitter/graph_sel_graph2">
    <NS1:activegraph RDF:resource="rdf:#$4dr1Y3"/>
  </RDF:Description>
  <RDF:Description RDF:about="rdf:#$DdcE11" NS2:colour="#ff0000">
    <NS2:type RDF:resource="http://www.cellml.org/metadata/graphs/1.0#line"/>
    <NS2:x-variable RDF:resource="rdf:#$EdcE11"/>
    <NS2:y-variable RDF:resource="rdf:#$FdcE11"/>
  </RDF:Description>
  <RDF:Description RDF:about="rdf:#$zdcE11">
    <RDF:first RDF:resource="rdf:#$2dr1Y3"/>
    <RDF:rest RDF:resource="rdf:#$AdcE11"/>
  </RDF:Description>
  <RDF:Description RDF:about="rdf:#$QdcE11">
    <RDF:first RDF:resource="rdf:#$RdcE11"/>
    <RDF:rest RDF:resource="rdf:#$UdcE11"/>
  </RDF:Description>
  <RDF:Description RDF:about="rdf:#$2dr1Y3" NS1:graphname="Electrophysiological Cell Diagram - click channels to toggle display of current traces above" NS1:externalurl="beeler_reuter_1977.xul"/>
  <RDF:Description RDF:about="rdf:#$PdcE11">
    <NS2:variable RDF:resource="beeler_reuter_1977.cellml#slow_inward_current_i_s"/>
  </RDF:Description>
  <RDF:Description RDF:about="http://www.cellml.org/tools/pcenv/modlayoutsplit" NS1:splitterState_collapsedBefore="true" NS1:splitterState_prevWidth="196" NS1:splitterState_nextWidth="1068"/>
  <RDF:Description RDF:about="http://www.cellml.org/tools/pcenv/splitter/graph_key_graph2" NS1:splitterState_collapsedAfter="true" NS1:splitterState_prevHeight="254" NS1:splitterState_nextHeight="29"/>
  <RDF:Description RDF:about="rdf:#$EdcE11">
    <NS2:variable RDF:resource="beeler_reuter_1977.cellml#environment_time"/>
  </RDF:Description>
  <RDF:Seq RDF:about="rdf:#$ydcE11">
  </RDF:Seq>
  <RDF:Description RDF:about="rdf:#$4dr1Y3" NS1:graphname="Ionic currents (uA_per_mm2)">
    <NS2:traces RDF:resource="rdf:#$HdcE11"/>
  </RDF:Description>
  <RDF:Description RDF:about="rdf:#$HdcE11">
    <RDF:first RDF:resource="rdf:#$IdcE11"/>
  </RDF:Description>
  <RDF:Description RDF:about="rdf:#$KdcE11">
    <NS2:variable RDF:resource="beeler_reuter_1977.cellml#environment_time"/>
  </RDF:Description>
  <RDF:Description RDF:about="rdf:#$WdcE11">
    <NS2:variable RDF:resource="beeler_reuter_1977.cellml#environment_time"/>
  </RDF:Description>
  <RDF:Description RDF:about="rdf:#$BdcE11">
    <RDF:first RDF:resource="rdf:#$CdcE11"/>
  </RDF:Description>
  <RDF:Description RDF:about="rdf:#$XdcE11">
    <NS2:variable RDF:resource="beeler_reuter_1977.cellml#time_independent_outward_current_i_K1"/>
  </RDF:Description>
  <RDF:Description RDF:about="http://www.cellml.org/tools/pcenv/splitter/graphedit" NS1:splitterState_prevWidth="556" NS1:splitterState_nextWidth="711"/>
  <RDF:Description RDF:about="http://www.cellml.org/tools/pcenv/splitter/graph_sel_graph3">
    <NS1:activegraph RDF:resource="rdf:#$2dr1Y3"/>
  </RDF:Description>
  <RDF:Description RDF:about="rdf:#$RdcE11" NS2:colour="#fafa1d">
    <NS2:type RDF:resource="http://www.cellml.org/metadata/graphs/1.0#scatter"/>
    <NS2:glyph RDF:resource="http://www.cellml.org/metadata/graphs/1.0#nonstandard-none"/>
    <NS2:x-variable RDF:resource="rdf:#$SdcE11"/>
    <NS2:y-variable RDF:resource="rdf:#$TdcE11"/>
  </RDF:Description>
  <RDF:Description RDF:about="http://www.cellml.org/tools/pcenv/splitter/graph_key_graph3" NS1:splitterState_collapsedAfter="true" NS1:splitterState_nextHeight="0"/>
  <RDF:Description RDF:about="rdf:#$GdcE11">
    <RDF:first RDF:resource="rdf:#$4dr1Y3"/>
    <RDF:rest RDF:resource="http://www.w3.org/1999/02/22-rdf-syntax-ns#nil"/>
  </RDF:Description>
  <RDF:Description RDF:about="rdf:#$AdcE11">
    <RDF:first RDF:resource="rdf:#$3dr1Y3"/>
    <RDF:rest RDF:resource="rdf:#$GdcE11"/>
  </RDF:Description>
  <RDF:Seq RDF:about="http://www.cellml.org/tools/pcenv/loadedModels">
    <RDF:li RDF:resource="beeler_reuter_1977.cellml"/>
  </RDF:Seq>
  <RDF:Description RDF:about="rdf:#$CdcE11">
    <RDF:first RDF:resource="rdf:#$DdcE11"/>
    <RDF:rest RDF:resource="http://www.w3.org/1999/02/22-rdf-syntax-ns#nil"/>
  </RDF:Description>
</RDF:RDF>