<?xml version="1.0" encoding="UTF-8"?>
<omexManifest xmlns="http://identifiers.org/combine.specifications/omex-manifest">
  <content location="beeler_reuter_1977.session.xml" format="http://purl.org/NET/mediatypes/application/xml" master="false"/>
  <content location="beeler_reuter_1977.ai" format="http://purl.org/NET/mediatypes/application/octet-stream" master="false"/>
  <content location="beeler_reuter_1977_documentation.html" format="http://purl.org/NET/mediatypes/application/octet-stream" master="false"/>
  <content location="beeler_reuter_1977.xul" format="http://purl.org/NET/mediatypes/application/octet-stream" master="false"/>
  <content location="beeler_reuter_1977.png" format="http://purl.org/NET/mediatypes/image/png" master="false"/>
  <content location="beeler_reuter_1977.svg" format="http://purl.org/NET/mediatypes/image/svg+xml" master="false"/>
  <content location="uncert-params-sensitivity.sedml" format="http://identifiers.org/combine.specifications/sed-ml" master="true"/>
  <content location="cell_diagram.gif" format="http://purl.org/NET/mediatypes/image/gif" master="false"/>
  <content location="beeler_reuter_1977.cellml" format="http://identifiers.org/combine.specifications/cellml" master="false"/>
  <content location="cellml_rendering.gif" format="http://purl.org/NET/mediatypes/image/gif" master="false"/>
  <content location="metadata.rdf" format="http://identifiers.org/combine.specifications/omex-metadata" master="false"/>
</omexManifest>
