﻿[
	{
		"name": "nils_1_", 
		"children": [
			{
				"name": "lowerBody", 
				"children": [
					{
						"name": "leftShoe", 
						"children": [
							{
								"shape": {
									"type": "path", 
									"path": "M44.787,442.042c13.536-0.097,28.515-2.647,40.667-8.815 c13.064-6.631,3.188-24.604,0.553-34.404c-5.771-1.73-10.549-4.837-16.568-0.148c-4.371,3.405-6.025,11.462-2.07,15.501 c-3.212,7.339-17.804,1.912-23.732,6.7c-5.825,4.706-7.32,17.966,0.484,21.167"
								}, 
								"fill": "#FFFFFF", 
								"stroke": {
									"color": "#000000"
								}
							}, 
							{
								"shape": {
									"type": "path", 
									"path": "M133.453,425.375c0.901-2.979,2.793-5.781,4.667-8"
								}, 
								"fill": "#FFFFFF", 
								"stroke": {
									"color": "#000000"
								}
							}, 
							{
								"shape": {
									"type": "path", 
									"path": "M56.787,426.708c-2.551-2.07-3.97-5.252-5.333-8"
								}, 
								"fill": "#FFFFFF", 
								"stroke": {
									"color": "#000000"
								}
							}
						]
					}, 
					{
						"name": "rightShoe", 
						"children": [
							{
								"shape": {
									"type": "path", 
									"path": "M111.453,402.042c-2.005-0.426-3.947-0.363-5.899-0.566 c-0.104,2.376,0.438,5.478,0.048,7.751c-0.4,2.327-1.597,4.06-2.146,6.817c-0.975,4.9,0.412,10.561,3.813,13.517 c3.718,3.23,8.442,2.56,12.87,3.797c4.256,1.189,7.959,3.502,12.5,4.849c9.169,2.717,20.433,7.657,25.649-4.685 c2.797-6.618-0.894-5.624-6.331-7.982c-4.049-1.757-6.774-4.353-10.32-7.014c-4.123-3.095-8.203-5.957-13.415-6.584 c-0.11-3.353,1.616-5.692,1.132-9.117c-5.299-2.318-13.883-3.984-19.233-0.116"
								}, 
								"fill": "#FFFFFF", 
								"stroke": {
									"color": "#000000"
								}
							}, 
							{
								"shape": {
									"type": "path", 
									"path": "M62.787,424.708c-1.417-2.271-3.012-5.388-2.667-8.666"
								}, 
								"fill": "#FFFFFF", 
								"stroke": {
									"color": "#000000"
								}
							}, 
							{
								"shape": {
									"type": "path", 
									"path": "M141.453,428.042c2.076-1.991,4.274-3.745,6-6"
								}, 
								"fill": "#FFFFFF", 
								"stroke": {
									"color": "#000000"
								}
							}
						]
					}, 
					{
						"name": "leftLeft", 
						"shape": {
							"type": "path", 
							"path": "M111.687,360.891c0.036,4.747,1.844,9.223,1.56,14.078 c-0.24,4.099-1.372,8.075-1.553,12.199c-0.2,4.558-1.141,9.069-1.142,13.648c0,3.48-0.275,5.533,3.084,7.379 c2.301,1.264,4.909,1.163,7.094-0.113c2.993-1.748,2.841-3.747,2.868-6.904c0.025-2.952,0.712-5.943,1.162-8.841 c0.446-2.868,0.401-5.667,0.398-8.578c-0.004-3.788,0.138-7.556,0.003-11.357c-0.118-3.318-1.49-6.782-1.279-10.093"
						}, 
						"fill": "#FFF0A9", 
						"stroke": {
							"color": "#000000"
						}
					}, 
					{
						"name": "rightLeg", 
						"shape": {
							"type": "path", 
							"path": "M74.107,353.8c-0.57,1.485-0.055,3.729-0.142,5.357 c-0.076,1.44-0.315,2.774-0.571,4.184c-0.786,4.316-1,8.786-1.732,13.181c-1.158,6.942-0.906,14.193-1.777,21.167 c-0.456,3.648,0.862,8.169,5.499,7.139c2.579-0.572,4.859-3.016,5.846-5.361c2.937-6.981-0.974-13.832-0.457-21.057 c0.331-4.619,2.141-8.637,3.402-13.056c0.769-2.694,1.709-5.131,1.703-7.972c-0.004-1.809,0-3.616,0-5.425"
						}, 
						"fill": "#FFF0A9", 
						"stroke": {
							"color": "#000000"
						}
					}, 
					{
						"name": "pants", 
						"children": [
							{
								"name": "pants_1_", 
								"shape": {
									"type": "path", 
									"path": "M72.453,299.375 c1.947,19.47-1.848,38.143-0.849,57.849c3.905,0.681,11.166,0.417,14.849-0.849c7.135-2.453,6.497-2.631,7-11 c0.81-13.479-2.849-20.278,12.845-17.853c-1.125,13.305-9.43,25.115-3.42,38.649c8.404-0.38,20.265,0.661,28.427-1.944 c0.505-10.198-1.523-17.622-2.853-26.853c-1.398-9.708,3.313-18.866-1.174-27.826c-9.218,0.693-18.358,2.747-27.722,0.798 c-9.863-2.054-18.89-8.623-29.104-8.972"
								}, 
								"fill": "#ADA274", 
								"stroke": {
									"color": "#000000"
								}
							}
						]
					}
				]
			}, 
			{
				"name": "leftArm_1_", 
				"children": [
					{
						"name": "leftArm", 
						"shape": {
							"type": "path", 
							"path": "M161.453,199.375c-6.73,0.606-12.711,7.192-9.248,13.248 c3.358,5.87,13.618,5.538,19.021,6.979c4,1.066,16.837,3.192,19.52,5.703c3.974,3.72,5.243,15.844,5.854,20.924 c13.641,4.354,26.949-0.671,33.102-13.826c5.331-11.398-5.783-19.505-17.098-22.174c1.771-8.465,14.167-32.061-0.128-36.899 c-4.761-1.611-15.726,3.346-17.801,7.272c-3.095,5.855-0.055,15.902-0.374,22.623c-13.399,0.68-27.351-3.555-39.849-1.849"
						}, 
						"fill": "#FFF0A9", 
						"stroke": {
							"color": "#000000"
						}
					}, 
					{
						"shape": {
							"type": "path", 
							"path": "M221.453,220.375c-4.604-1.889-17.369-6.456-21.801-1.801 c-4.797,5.039,1.256,14.077,6.027,16.578c4.118,2.159,20.628,4.348,24.575,1c4.999-4.241,2.906-14.993-2.801-17.777"
						}, 
						"fill": "#FFF0A9", 
						"stroke": {
							"color": "#000000"
						}
					}, 
					{
						"shape": {
							"type": "path", 
							"path": "M214.453,253.375c-1.006,3.482-0.767,9-3.174,12.826 c-15.878,0.834-16.244-5.43-25.674-14.571c10.53-5.253,19.583,4.754,29.849,2.745"
						}, 
						"fill": "#FFF0A9", 
						"stroke": {
							"color": "#000000"
						}
					}, 
					{
						"shape": {
							"type": "path", 
							"path": "M226.453,239.375c0.54,16.962-8.377,15.391-21.023,12.023 c-17.34-4.617-11.577-7.176,3.023-13.023"
						}, 
						"fill": "#FFF0A9", 
						"stroke": {
							"color": "#000000"
						}
					}, 
					{
						"shape": {
							"type": "path", 
							"path": "M208.453,188.375c-4.474,0.83-8.972-0.434-11-4"
						}, 
						"fill": "none", 
						"stroke": {
							"color": "#000000"
						}
					}, 
					{
						"shape": {
							"type": "path", 
							"path": "M203.453,221.375c6.112-0.45,18.967,6.649,8,10"
						}, 
						"fill": "none", 
						"stroke": {
							"color": "#000000"
						}
					}, 
					{
						"shape": {
							"type": "path", 
							"path": "M195.453,258.375c3.441-0.666,5.408-2.2,4-5"
						}, 
						"fill": "none", 
						"stroke": {
							"color": "#000000"
						}
					}
				]
			}, 
			{
				"name": "rightArm", 
				"children": [
					{
						"shape": {
							"type": "path", 
							"path": "M39.453,187.375c-3.104,7.216-3.137,14.998-7.278,21.997 c-5.137,8.684-9.794,6.9-17.5,12.281c-8.803,6.146-12.141,29.697-14.095,40.548c20.2,3.536,18.779-23.776,21.649-34.524 c0.975,13.012-0.289,26.468,0.374,39.546c2.257,0.582,6.44,0.582,8.697,0c2.04-10.494-3.53-22.034-0.852-33.546 c0.009,7.58-2.598,32.2,10.852,28.546c0.514-10.124-1.899-18.938-4.868-25.972c2.181,8.766,4.798,18.48,15.845,15.949 c6.407-12.781-3.909-15.105-8.048-25.604c-2.531-6.422,0.527-25.44,6.223-31.223"
						}, 
						"fill": "#FFF0A9", 
						"stroke": {
							"color": "#000000"
						}
					}, 
					{
						"shape": {
							"type": "path", 
							"path": "M6.453,248.042c2.111,0,6.324-0.997,6.667,1.666"
						}, 
						"fill": "none", 
						"stroke": {
							"color": "#000000"
						}
					}, 
					{
						"shape": {
							"type": "path", 
							"path": "M22.453,255.375c2.85-0.37,4.155,0.539,4.999,3.001 c1.085,3.168-0.233,4.173-2.999,5.332"
						}, 
						"fill": "none", 
						"stroke": {
							"color": "#000000"
						}
					}, 
					{
						"shape": {
							"type": "path", 
							"path": "M31.787,255.042c3.675-0.503,7.077,4.971,3,6"
						}, 
						"fill": "none", 
						"stroke": {
							"color": "#000000"
						}
					}, 
					{
						"shape": {
							"type": "path", 
							"path": "M48.453,235.708c-5.387-0.935-3.676,10.551,3.667,8.667"
						}, 
						"fill": "none", 
						"stroke": {
							"color": "#000000"
						}
					}, 
					{
						"shape": {
							"type": "path", 
							"path": "M207.453,241.375c2.63,1.686,2.368,4.909,1.884,7.884 c-0.744,0.175-1.23,0.456-1.884,0.783"
						}, 
						"fill": "none", 
						"stroke": {
							"color": "#000000"
						}
					}
				]
			}, 
			{
				"name": "shirt", 
				"children": [
					{
						"name": "mainShirt", 
						"shape": {
							"type": "path", 
							"path": "M39.453,189.375 c0.777-3.467,1.211-7.217,1.151-10.849c14.871-1.403,32.372-7.656,46.875-11.125c9.423-2.254,31.959-20.14,39.244-11.079 c3.778,4.7,2.066,16.102,5.456,22.08c2.827,4.986,9.093,12.445,13.003,16.217c5.193,5.009,15.695-3.271,18.271,2.754 c3.024,7.075-0.511,20.739-10.02,18.016c-5.084-1.456-12.238-5.093-15.228-9.769c-4.055-6.341-8.831-13.012-10.53-19.167 c-0.713,10.697,1.173,22.369,2.726,32.92c1.637,11.128,1.886,22.261,3.052,34c2.02,20.336,6.915,42.053,10.845,61.855 c-14.599,4.091-47.868-3.832-47.868-3.832s-14.457-3.595-21.2-5.801c-8.131-2.661-21.777-11.223-13.777-11.223 s-3.063-9.756,2.468-40.878s14.003-39.61,19.806-56.122c1.387-3.946,2.399-8.004,4.375-11.845 c-17.565,1.273-26.117,7.964-40.475,16.742c-2.413-9.11-9.707-14.336-17.174-18.897"
						}, 
						"fill": "#4867FF", 
						"stroke": {
							"color": "#000000", 
							"width": "2"
						}
					}, 
					{
						"name": "highlight", 
						"shape": {
							"type": "path", 
							"path": "M99.453,179.375 c-5.364,2.937-10.603,8.065-17,8"
						}, 
						"fill": "#4867FF", 
						"stroke": {
							"color": "#000000", 
							"width": "2"
						}
					}, 
					{
						"name": "logo", 
						"children": [
						]
					}
				]
			}, 
			{
				"name": "heads", 
				"children": [
					{
						"name": "head1", 
						"children": [
							{
								"name": "hair_1_", 
								"shape": {
									"type": "path", 
									"path": "M60.453,97.375c-3.965-0.012-7.98,0.045-11.897-0.147 c2.645-5.735,10.791-8.417,14.794-13.65c-2.384,0.19-5.083-0.61-7.543-0.154c2.395-1.359,4.008-3.487,6.347-4.846 c-2.993-0.207-6.326-0.467-9.399-0.18c2.893-0.874,5.243-2.063,7.821-3.05c-0.92-0.166-4.625-2.732-6.772-4.221 c5.187-4.255,12.317-5.834,17.573-8.534c-2.844-0.13-5.037-1.713-7.75-2.393c-0.424-7.244-1.302-14.461-1.223-21.475 c2.166,2.761,3.541,5.976,4.849,8.546c-0.996-11.489,4.773-13.594,13.025-18.797c0.403,1.91,1.943,3.845,2.229,5.546 c1.27-13.312,22.924-28.644,34.016-33.272c0.039,6.247-2.955,11.957-5.365,17.475c-0.365,0.375-0.375,0.366-0.028-0.028 c5.849-6.92,14-8.882,22.143-10.721c-1.215,5.635-5.28,10.684-6.698,16.602c6.258-10.069,20.421-4.135,27.949-11.351 c-1.011,3.251-2.028,6.254-3.143,9.276c7.035-8.774,15.902-11.37,25.894-14.499c-0.668,7.995-10.243,18.061-0.822,20.872 c8.889,2.653,17.435-7.31,26.698-6.075c-2.976,1.954-5.822,4.12-8.614,6.345c7.596,2.01,18.243,0.852,26.614,0.658 c-4.125,3.304-9.116,7.352-9.593,12.943c3.896-0.826,8.6-1.318,12.741-0.725c-1.013,1.726-1.479,5.845-2.718,7.678 c3.136-0.265,6.17,1.053,8.519,1.452c-3.019,0.804-5.247,3.16-7.566,4.52c3.765,0.755,7.282,2.001,10.844,3.398 c-3.322,1.78-5.724,5.475-4.776,9.657c0.798,0.374,2.536,0.977,2.995,1.147c-6.481,3.645-21.331-1.522-28.945-2.752 c-13.967-2.257-27.844-4.641-41.913-6.244c-17.039-1.941-37.716-3.446-54.359,1.025C83.983,67.42,68.871,76.651,58.453,98.375"
								}, 
								"fill": "#605542", 
								"stroke": {
									"color": "#000000"
								}
							}, 
							{
								"name": "neck", 
								"shape": {
									"type": "path", 
									"path": "M108.453,132.375c0.902,8.412-0.835,20.235-3.849,27.797 c4.164,2.769,15.721,4.339,19.868,0c3.538-3.701,1.964-17.522,1.98-22.797"
								}, 
								"fill": "#FFF0A9", 
								"stroke": {
									"color": "#000000"
								}
							}, 
							{
								"name": "leftEar_1_", 
								"children": [
									{
										"name": "leftEar", 
										"shape": {
											"type": "path", 
											"path": "M232.453,76.375c10.186-6.915,21.465,6.994,19.052,17 c-2.781,11.53-20.253,15.518-27.052,5"
										}, 
										"fill": "#FFF0A9", 
										"stroke": {
											"color": "#000000"
										}
									}, 
									{
										"shape": {
											"type": "path", 
											"path": "M245.453,91.375c-0.398-2.267-1.99-4.77-3.171-6.829 c-2.738-0.936-5.713-1.545-8.829-1.171"
										}, 
										"fill": "none", 
										"stroke": {
											"color": "#000000"
										}
									}, 
									{
										"shape": {
											"type": "path", 
											"path": "M238.453,90.375c1.863-0.367,3.589-1.433,5-3"
										}, 
										"fill": "none", 
										"stroke": {
											"color": "#000000"
										}
									}
								]
							}, 
							{
								"name": "headShape", 
								"shape": {
									"type": "path", 
									"path": "M116.453,35.375 c-13.417,2.219-31.83,24.639-39.777,35.055c-8.128,10.652-24.737,25.747-20.219,39.945 c5.161,16.221,22.089,14.526,34.025,19.972c15.448,7.047,30.645,11.875,46.749,14.251c18.146,2.676,27.633,0.161,44.223-7.972 c15.701-7.697,29.862-9.589,41.801-24.303c8.182-10.084,15.033-28.733,8.174-38.923c-6.159-9.151-21.79-19.289-31.201-25.75 c-12.144-8.339-26.876-10.032-41-11.274c-15.007-1.32-33.207-3.056-47.774,1"
								}, 
								"fill": "#FFF0A9", 
								"stroke": {
									"color": "#000000"
								}
							}, 
							{
								"name": "rightEar_1_", 
								"children": [
									{
										"name": "rightEar", 
										"shape": {
											"type": "path", 
											"path": "M66.453,94.375 c-10.188-4.124-23.701-5.729-27.774,7.226c-4.779,15.198,14.506,23.077,25.774,15.774"
										}, 
										"fill": "#FFF0A9", 
										"stroke": {
											"color": "#000000"
										}
									}, 
									{
										"shape": {
											"type": "path", 
											"path": "M42.453,106.375c4.149-4.954,11.06-7.737,16-10"
										}, 
										"fill": "none", 
										"stroke": {
											"color": "#000000"
										}
									}, 
									{
										"shape": {
											"type": "path", 
											"path": "M48.453,100.375c1.337,3.541,2.787,6.955,5,10"
										}, 
										"fill": "none", 
										"stroke": {
											"color": "#000000"
										}
									}
								]
							}, 
							{
								"name": "adamsApple", 
								"shape": {
									"type": "path", 
									"path": "M113.453,152.375c-0.526-2.327,1.546-3.837,5-4"
								}, 
								"fill": "none", 
								"stroke": {
									"color": "#000000"
								}
							}
						]
					}
				]
			}, 
			{
				"name": "expressions", 
				"children": [
					{
						"name": "confused", 
						"children": [
							{
								"name": "mouth_1_", 
								"children": [
									{
										"name": "mouth", 
										"shape": {
											"type": "path", 
											"path": "M102.148,120.014c13.398-6.9,33.568-7.688,49-10.026 c12.555-1.903,36.519-2.575,44,9.026"
										}, 
										"fill": "none", 
										"stroke": {
											"color": "#000000"
										}
									}, 
									{
										"name": "tooth_1_", 
										"shape": {
											"type": "path", 
											"path": "M178.148,109.014 c-0.563-2.655-0.017-6.196,0.151-8.849c4.788-0.944,9.637,0.768,13.675,3.022c0.664,3.187,0.065,6.267-1.826,8.826"
										}, 
										"fill": "#FFFFFF", 
										"stroke": {
											"color": "#000000"
										}
									}, 
									{
										"name": "tooth", 
										"shape": {
											"type": "path", 
											"path": "M168.148,108.014c-2.021-7.958,5.04-7.752,10.826-6.826 c1.286,2.446,1.752,5.863,1.022,8.675c-3.801,0.292-8.049,0.308-10.849-0.849"
										}, 
										"fill": "#FFFFFF", 
										"stroke": {
											"color": "#000000"
										}
									}
								]
							}, 
							{
								"name": "eyes", 
								"children": [
									{
										"name": "rightEye", 
										"shape": {
											"type": "path", 
											"path": "M121.148,52.014 c-6.562,8.145-20.057,16.28-21.023,26.977c-1.104,12.227,10.759,15.164,21.02,11.798c18.8-6.168,24.482-40.499,0.004-39.774"
										}, 
										"fill": "#FFFFFF", 
										"stroke": {
											"color": "#000000"
										}
									}, 
									{
										"name": "pupilRight", 
										"shape": {
											"type": "path", 
											"path": "M112.148,61.014c-7.625,3.067-4.047,12.428,3.826,10.826 C118.354,67.432,118.046,61.261,112.148,61.014"
										}, 
										"stroke": {
											"color": "#000000"
										}
									}, 
									{
										"name": "leftEye", 
										"shape": {
											"type": "path", 
											"path": "M184.148,55.014c-13.391-8.758-17.664,28.504,5,25.996 c10.862-1.201,14.124-12.581,8.004-19.996c-6.121-7.415-14.988-4.947-22.004-8"
										}, 
										"fill": "#FFFFFF", 
										"stroke": {
											"color": "#000000"
										}
									}, 
									{
										"name": "pupilLeft", 
										"shape": {
											"type": "path", 
											"path": "M176.148,54.014c-2.04,2.896-2.657,6.347-1.849,9.849 C184.707,66.621,182.108,56.322,176.148,54.014"
										}, 
										"stroke": {
											"color": "#000000"
										}
									}
								]
							}
						]
					}, 
					{
						"name": "confused2", 
						"children": [
							{
								"name": "rightEye_1_", 
								"shape": {
									"type": "path", 
									"path": "M121.148,52.014 c-6.562,8.145-20.057,16.28-21.023,26.977c-1.104,12.227,10.759,15.164,21.02,11.798c18.8-6.168,24.482-40.499,0.004-39.774"
								}, 
								"fill": "#FFFFFF", 
								"stroke": {
									"color": "#000000"
								}
							}, 
							{
								"name": "pupilRight_1_", 
								"shape": {
									"type": "path", 
									"path": "M112.148,61.014 c-7.625,3.067-4.047,12.428,3.826,10.826C118.354,67.432,118.046,61.261,112.148,61.014"
								}, 
								"stroke": {
									"color": "#000000"
								}
							}, 
							{
								"name": "leftEye_1_", 
								"shape": {
									"type": "path", 
									"path": "M184.148,55.014 c-13.391-8.758-17.664,28.504,5,25.996c10.862-1.201,14.124-12.581,8.004-19.996c-6.121-7.415-14.988-4.947-22.004-8"
								}, 
								"fill": "#FFFFFF", 
								"stroke": {
									"color": "#000000"
								}
							}, 
							{
								"name": "pupilLeft_1_", 
								"shape": {
									"type": "path", 
									"path": "M176.148,54.014 c-2.04,2.896-2.657,6.347-1.849,9.849C184.707,66.621,182.108,56.322,176.148,54.014"
								}, 
								"stroke": {
									"color": "#000000"
								}
							}, 
							{
								"shape": {
									"type": "path", 
									"path": "M114.934,118.74 c18.933-4.896,31.704-2.456,49.826,1.171c6.734,1.348,17.654,7.566,23.408,0.323c5.436-6.841-0.011-16.179-7.237-17.994"
								}, 
								"fill": "none", 
								"stroke": {
									"color": "#000000"
								}
							}
						]
					}, 
					{
						"name": "talking", 
						"children": [
							{
								"shape": {
									"type": "path", 
									"path": "M150.536,116.479c0.413,18.115,48.746,18.222,37.276-7.278 c-10.396-1.757-28.836,2.451-38.776,5.778"
								}, 
								"stroke": {
									"color": "#000000"
								}
							}, 
							{
								"shape": {
									"type": "path", 
									"path": "M103.453,104.875c-2.277,2.169-1.729,7.324-4.849,8 c8.889,3.074,18.975,7.877,28.849,6.998c6.759-0.602,18.439-1.511,23.5-5.998"
								}, 
								"fill": "none", 
								"stroke": {
									"color": "#000000"
								}
							}, 
							{
								"shape": {
									"type": "path", 
									"path": "M104.453,64.875 c-6.218-0.224-17.093,9.247-13.875,15.887c2.822,5.825,15.087,4.174,20.375,3.113c4.505-0.904,7.783-1.37,9.889-6.123 c1.107-2.499,2.855-9.088,1.623-11.889c-2.859-6.496-15.374-3.248-19.512,0.012"
								}, 
								"fill": "#FFFFFF", 
								"stroke": {
									"color": "#000000"
								}
							}, 
							{
								"shape": {
									"type": "path", 
									"path": "M176.953,59.875 c-4.742,8.403,0.46,13.596,6.486,18.376c4.779,3.791,15.903,8.529,19.512,0.622c8.012-17.554-22.026-19.554-32.498-17.887 c-0.345,0.055-1.151,0.291-1.5,0.389"
								}, 
								"fill": "#FFFFFF", 
								"stroke": {
									"color": "#000000"
								}
							}, 
							{
								"shape": {
									"type": "path", 
									"path": "M98.953,66.875c-6.969-2.545-10.165,5.418-3.002,8.05 c2.178-2.129,5.596-6.88,2.502-9.05"
								}, 
								"stroke": {
									"color": "#000000"
								}
							}, 
							{
								"shape": {
									"type": "path", 
									"path": "M178.453,60.875c-5.534,0.708-5.259,9.173,0.5,7.387 c6.145-1.906,5.217-9.047-1.5-8.387"
								}, 
								"stroke": {
									"color": "#000000"
								}
							}
						]
					}, 
					{
						"name": "talking2", 
						"children": [
							{
								"shape": {
									"type": "path", 
									"path": "M102.87,94.503c-2.279,15.037-5.934,27.828,15.027,23.027 c15.334-3.512,25.379-13.239,28.973-28.027"
								}, 
								"stroke": {
									"color": "#000000"
								}
							}, 
							{
								"shape": {
									"type": "path", 
									"path": "M92.87,104.503 c4.248-16.004,34.717-10.765,47.052-11.948c8.414-0.807,15.879-1.97,24.948-1.055c8.295,0.837,19.3,2.941,27-0.997"
								}, 
								"fill": "none", 
								"stroke": {
									"color": "#000000"
								}
							}, 
							{
								"shape": {
									"type": "path", 
									"path": "M84.87,73.503c2.341-8.752,12.467-12.772,19-18"
								}, 
								"fill": "none", 
								"stroke": {
									"color": "#000000"
								}
							}, 
							{
								"shape": {
									"type": "path", 
									"path": "M181.87,59.503c8.968-3.27,16.681,2.245,25,3"
								}, 
								"fill": "none", 
								"stroke": {
									"color": "#000000"
								}
							}, 
							{
								"shape": {
									"type": "path", 
									"path": "M98.87,68.503 c-7.218,11.165,3.031,17.234,13.003,17.997c13.201,1.009,21.125-8.677,18.845-21.842c-11.637-0.604-21.219,1.818-31.849,2.845"
								}, 
								"fill": "#FFFFFF", 
								"stroke": {
									"color": "#000000"
								}
							}, 
							{
								"shape": {
									"type": "path", 
									"path": "M178.87,67.503 c-9.045,2.007-6.264,11.616-1.249,15.249c3.778,2.737,13.479,4.477,18.249,2.528C210.946,79.123,185.327,71.038,178.87,67.503"
								}, 
								"fill": "#FFFFFF", 
								"stroke": {
									"color": "#000000"
								}
							}, 
							{
								"shape": {
									"type": "path", 
									"path": "M115.87,85.503c2.365-1.63,3.646-3.553,2.826-6.826 c-16.491-8.159-17.436,11.182-1.826,8.826"
								}, 
								"stroke": {
									"color": "#000000"
								}
							}, 
							{
								"shape": {
									"type": "path", 
									"path": "M174.87,80.503c-0.492-1.165-0.677-2.687-0.872-3.826 c3.483-0.285,7.207-0.292,10.698-0.023c3.568,7.301-6.079,7.593-10.826,5.849"
								}, 
								"stroke": {
									"color": "#000000"
								}
							}
						]
					}
				]
			}
		]
	}
]