<?xml version="1.0" encoding="UTF-8"?>
<omexManifest xmlns="http://identifiers.org/combine.specifications/omex-manifest">
  <content location="bagci_2008a_Fig3.sedml" format="http://identifiers.org/combine.specifications/sed-ml" master="true"/>
  <content location="bagci_2008b.cellml" format="http://identifiers.org/combine.specifications/cellml" master="false"/>
  <content location="bagci_2008a.cellml" format="http://identifiers.org/combine.specifications/cellml" master="false"/>
  <content location="bagci_2008a.xul" format="http://purl.org/NET/mediatypes/application/octet-stream" master="false"/>
  <content location="bagci_2008a.png" format="http://purl.org/NET/mediatypes/image/png" master="false"/>
  <content location="bagci_2008a.session.xml" format="http://purl.org/NET/mediatypes/application/xml" master="false"/>
  <content location="bagci_2008a.ai" format="http://purl.org/NET/mediatypes/application/octet-stream" master="false"/>
  <content location="bagci_2008b.ai" format="http://purl.org/NET/mediatypes/application/octet-stream" master="false"/>
  <content location="bagci_2008a.svg" format="http://purl.org/NET/mediatypes/image/svg+xml" master="false"/>
  <content location="bagci_2008b.png" format="http://purl.org/NET/mediatypes/image/png" master="false"/>
  <content location="bagci_2008b.svg" format="http://purl.org/NET/mediatypes/image/svg+xml" master="false"/>
  <content location="metadata.rdf" format="http://identifiers.org/combine.specifications/omex-metadata" master="false"/>
</omexManifest>
