<?xml version="1.0" encoding="UTF-8"?>
<omexManifest xmlns="http://identifiers.org/combine.specifications/omex-manifest">
  <content location="vasalou_2010_Fig2I.sedml" format="http://identifiers.org/combine.specifications/sed-ml" master="true"/>
  <content location="vasalou_2010_Fig2D.sedml" format="http://identifiers.org/combine.specifications/sed-ml" master="true"/>
  <content location="leloup_2003.svg" format="http://purl.org/NET/mediatypes/image/svg+xml" master="false"/>
  <content location="vasalou_henson_2010.svg" format="http://purl.org/NET/mediatypes/image/svg+xml" master="false"/>
  <content location="vasalou_2010.ai" format="http://purl.org/NET/mediatypes/application/octet-stream" master="false"/>
  <content location="vasalou_henson_2010.ai" format="http://purl.org/NET/mediatypes/application/octet-stream" master="false"/>
  <content location="vasalou_2010_Fig2F.sedml" format="http://identifiers.org/combine.specifications/sed-ml" master="true"/>
  <content location="vasalou_2010_Fig2B.sedml" format="http://identifiers.org/combine.specifications/sed-ml" master="true"/>
  <content location="leloup_2003.png" format="http://purl.org/NET/mediatypes/image/png" master="false"/>
  <content location="vasalou_2010_Fig2A.sedml" format="http://identifiers.org/combine.specifications/sed-ml" master="true"/>
  <content location="vasalou_2010.cellml" format="http://identifiers.org/combine.specifications/cellml" master="false"/>
  <content location="leloup_2003.ai" format="http://purl.org/NET/mediatypes/application/octet-stream" master="false"/>
  <content location="vasalou_henson_2010.png" format="http://purl.org/NET/mediatypes/image/png" master="false"/>
  <content location="vasalou_2010_Fig2C.sedml" format="http://identifiers.org/combine.specifications/sed-ml" master="true"/>
  <content location="vasalou_2010_Fig2H.sedml" format="http://identifiers.org/combine.specifications/sed-ml" master="true"/>
  <content location="vasalou_2010_Fig2E.sedml" format="http://identifiers.org/combine.specifications/sed-ml" master="true"/>
  <content location="vasalou_2010_Fig2G.sedml" format="http://identifiers.org/combine.specifications/sed-ml" master="true"/>
  <content location="metadata.rdf" format="http://identifiers.org/combine.specifications/omex-metadata" master="false"/>
</omexManifest>
