<?xml version="1.0" encoding="UTF-8"?>
<omexManifest xmlns="http://identifiers.org/combine.specifications/omex-manifest">
  <content location="sodium_ion_channel.sedml" format="http://identifiers.org/combine.specifications/sed-ml" master="true"/>
  <content location="Noble62_parameters.cellml" format="http://identifiers.org/combine.specifications/cellml" master="false"/>
  <content location="vanderpol.rst" format="http://purl.org/NET/mediatypes/text/plain" master="false"/>
  <content location="potassium_ion_channel.rst" format="http://purl.org/NET/mediatypes/text/plain" master="false"/>
  <content location="HH.cellml" format="http://identifiers.org/combine.specifications/cellml" master="false"/>
  <content location="vanderpol.cellml" format="http://identifiers.org/combine.specifications/cellml" master="false"/>
  <content location="Firstorder.cellml" format="http://identifiers.org/combine.specifications/cellml" master="false"/>
  <content location="Firstorder.rst" format="http://purl.org/NET/mediatypes/text/plain" master="false"/>
  <content location="Noble62_K_channel.cellml" format="http://identifiers.org/combine.specifications/cellml" master="false"/>
  <content location="lorenz.rst" format="http://purl.org/NET/mediatypes/text/plain" master="false"/>
  <content location="HH.sedml" format="http://identifiers.org/combine.specifications/sed-ml" master="true"/>
  <content location="vanderpol.sedml" format="http://identifiers.org/combine.specifications/sed-ml" master="true"/>
  <content location="lorenz.cellml" format="http://identifiers.org/combine.specifications/cellml" master="false"/>
  <content location="Noble_1962.cellml" format="http://identifiers.org/combine.specifications/cellml" master="false"/>
  <content location="lorenz.sedml" format="http://identifiers.org/combine.specifications/sed-ml" master="true"/>
  <content location="BlueSkyCatastrophy.cellml" format="http://identifiers.org/combine.specifications/cellml" master="false"/>
  <content location="leakage_ion_channel.cellml" format="http://identifiers.org/combine.specifications/cellml" master="false"/>
  <content location="potassium_ion_channel.sedml" format="http://identifiers.org/combine.specifications/sed-ml" master="true"/>
  <content location="sodium_ion_channel.cellml" format="http://identifiers.org/combine.specifications/cellml" master="false"/>
  <content location="sodium_ion_channel.rst" format="http://purl.org/NET/mediatypes/text/plain" master="false"/>
  <content location="Noble62_Na_channel.cellml" format="http://identifiers.org/combine.specifications/cellml" master="false"/>
  <content location="README.rst" format="http://purl.org/NET/mediatypes/text/plain" master="false"/>
  <content location="Firstorder.sedml" format="http://identifiers.org/combine.specifications/sed-ml" master="true"/>
  <content location="BlueSkyCatastrophy.sedml" format="http://identifiers.org/combine.specifications/sed-ml" master="true"/>
  <content location="Noble62_units.cellml" format="http://identifiers.org/combine.specifications/cellml" master="false"/>
  <content location="potassium_ion_channel.cellml" format="http://identifiers.org/combine.specifications/cellml" master="false"/>
  <content location="SimpleFirstOrderEqn.cellml" format="http://identifiers.org/combine.specifications/cellml" master="false"/>
  <content location="Noble_1962.sedml" format="http://identifiers.org/combine.specifications/sed-ml" master="true"/>
  <content location="Noble62_L_channel.cellml" format="http://identifiers.org/combine.specifications/cellml" master="false"/>
  <content location="SimpleFirstOrderEqn.rst" format="http://purl.org/NET/mediatypes/text/plain" master="false"/>
  <content location="SimpleFirstOrderEqn.sedml" format="http://identifiers.org/combine.specifications/sed-ml" master="true"/>
  <content location="screenshots/sodium_channel.png" format="http://purl.org/NET/mediatypes/image/png" master="false"/>
  <content location="screenshots/lorenz.png" format="http://purl.org/NET/mediatypes/image/png" master="false"/>
  <content location="screenshots/simplefirstordereqn.png" format="http://purl.org/NET/mediatypes/image/png" master="false"/>
  <content location="screenshots/potassium_channel.png" format="http://purl.org/NET/mediatypes/image/png" master="false"/>
  <content location="screenshots/vanderpol.png" format="http://purl.org/NET/mediatypes/image/png" master="false"/>
  <content location="metadata.rdf" format="http://identifiers.org/combine.specifications/omex-metadata" master="false"/>
</omexManifest>
