<?xml version="1.0" encoding="UTF-8"?>
<omexManifest xmlns="http://identifiers.org/combine.specifications/omex-manifest">
  <content location="Tomek_model_documentation_endo.html" format="http://purl.org/NET/mediatypes/application/octet-stream" master="false"/>
  <content location="Tomek_model_structure.png" format="http://purl.org/NET/mediatypes/image/png" master="false"/>
  <content location="Tomek_model_epi.cellml" format="http://identifiers.org/combine.specifications/cellml" master="false"/>
  <content location="Tomek_model_endo.sedml" format="http://identifiers.org/combine.specifications/sed-ml" master="true"/>
  <content location="Tomek_model_documentation_mid.html" format="http://purl.org/NET/mediatypes/application/octet-stream" master="false"/>
  <content location="Tomek_model_mid.cellml" format="http://identifiers.org/combine.specifications/cellml" master="false"/>
  <content location="mid.png" format="http://purl.org/NET/mediatypes/image/png" master="false"/>
  <content location="epi.png" format="http://purl.org/NET/mediatypes/image/png" master="false"/>
  <content location="Tomek_model_documentation_epi.html" format="http://purl.org/NET/mediatypes/application/octet-stream" master="false"/>
  <content location="Tomek_model_epi.sedml" format="http://identifiers.org/combine.specifications/sed-ml" master="true"/>
  <content location="Tomek_model_endo.cellml" format="http://identifiers.org/combine.specifications/cellml" master="false"/>
  <content location="Tomek_model_mid.sedml" format="http://identifiers.org/combine.specifications/sed-ml" master="true"/>
  <content location="endo.png" format="http://purl.org/NET/mediatypes/image/png" master="false"/>
  <content location="Tomek_model_documentation.html" format="http://purl.org/NET/mediatypes/application/octet-stream" master="false"/>
  <content location="metadata.rdf" format="http://identifiers.org/combine.specifications/omex-metadata" master="false"/>
</omexManifest>
