<?xml version="1.0" encoding="UTF-8"?>
<omexManifest xmlns="http://identifiers.org/combine.specifications/omex-manifest">
  <content location="index.html" format="http://purl.org/NET/mediatypes/application/octet-stream" master="false"/>
  <content location="267/niederer_hunter_smith_2006.cellml" format="http://identifiers.org/combine.specifications/cellml" master="false"/>
  <content location="267/chang_fujita_b_2_1999.cellml" format="http://identifiers.org/combine.specifications/cellml" master="false"/>
  <content location="267/Strieter_1992_NaK.cellml" format="http://identifiers.org/combine.specifications/cellml" master="false"/>
  <content location="267/weinstein_1995-human-baso-v2.cellml" format="http://identifiers.org/combine.specifications/cellml" master="false"/>
  <content location="267/siebert_CC_2008.cellml" format="http://identifiers.org/combine.specifications/cellml" master="false"/>
  <content location="267/chang_fujita_2001_H_ATPase.cellml" format="http://identifiers.org/combine.specifications/cellml" master="false"/>
  <content location="267/weinstein_1995-human-baso.cellml" format="http://identifiers.org/combine.specifications/cellml" master="false"/>
  <content location="267/DiFrancesco_Noble_1985.cellml" format="http://identifiers.org/combine.specifications/cellml" master="false"/>
  <content location="267/iyer_mazhari_winslow_2004.cellml" format="http://identifiers.org/combine.specifications/cellml" master="false"/>
  <content location="267/Weinstein_2000.cellml" format="http://identifiers.org/combine.specifications/cellml" master="false"/>
  <content location="267/tran_smith_loiselle_crampin_2009.cellml" format="http://identifiers.org/combine.specifications/cellml" master="false"/>
  <content location="267/Yang_2006.cellml" format="http://identifiers.org/combine.specifications/cellml" master="false"/>
  <content location="267/mackenzie_1996.cellml" format="http://identifiers.org/combine.specifications/cellml" master="false"/>
  <content location="267/cooling_hunter_crampin_2007.cellml" format="http://identifiers.org/combine.specifications/cellml" master="false"/>
  <content location="267/mackenzie_1996-mouse-baso.cellml" format="http://identifiers.org/combine.specifications/cellml" master="false"/>
  <content location="267/wilkins_sneyd_1998.cellml" format="http://identifiers.org/combine.specifications/cellml" master="false"/>
  <content location="267/chang_fujita_1999.cellml" format="http://identifiers.org/combine.specifications/cellml" master="false"/>
  <content location="267/Hodgkin_Huxley_1952.cellml" format="http://identifiers.org/combine.specifications/cellml" master="false"/>
  <content location="267/test.xml" format="http://purl.org/NET/mediatypes/application/xml" master="false"/>
  <content location="267/chang_fujita_2001_anion_exchanger.cellml" format="http://identifiers.org/combine.specifications/cellml" master="false"/>
  <content location="267/De_Young_1992.cellml" format="http://identifiers.org/combine.specifications/cellml" master="false"/>
  <content location="267/Ostby_2009_NBC.cellml" format="http://identifiers.org/combine.specifications/cellml" master="false"/>
  <content location="267/Holmes_2006.cellml" format="http://identifiers.org/combine.specifications/cellml" master="false"/>
  <content location="267/chang_fujita_b_1999.cellml" format="http://identifiers.org/combine.specifications/cellml" master="false"/>
  <content location="267/eskandari_2005.cellml" format="http://identifiers.org/combine.specifications/cellml" master="false"/>
  <content location="267/chang_fujita_2001_Na_H_exchanger.cellml" format="http://identifiers.org/combine.specifications/cellml" master="false"/>
  <content location="267/sneyd_1995.cellml" format="http://identifiers.org/combine.specifications/cellml" master="false"/>
  <content location="267/weinstein_1995-rabbit.cellml" format="http://identifiers.org/combine.specifications/cellml" master="false"/>
  <content location="267/asthagiri_lauffenburger_2001.cellml" format="http://identifiers.org/combine.specifications/cellml" master="false"/>
  <content location="267/weinstein_1995.sedml" format="http://identifiers.org/combine.specifications/sed-ml" master="true"/>
  <content location="267/hinch_greenstein_tanskanen_xu_winslow_2004.cellml" format="http://identifiers.org/combine.specifications/cellml" master="false"/>
  <content location="267/thomas_2000.cellml" format="http://identifiers.org/combine.specifications/cellml" master="false"/>
  <content location="267/warren_2010.cellml" format="http://identifiers.org/combine.specifications/cellml" master="false"/>
  <content location="267/moss_2009.cellml" format="http://identifiers.org/combine.specifications/cellml" master="false"/>
  <content location="267/Heldt_Shim_2002.cellml" format="http://identifiers.org/combine.specifications/cellml" master="false"/>
  <content location="267/weinstein_1995.cellml" format="http://identifiers.org/combine.specifications/cellml" master="false"/>
  <content location="267/Hilgemann_1987.cellml" format="http://identifiers.org/combine.specifications/cellml" master="false"/>
  <content location="267/chang_fujita_b_3_1999.cellml" format="http://identifiers.org/combine.specifications/cellml" master="false"/>
  <content location="267/weinstein_1995-mouse.cellml" format="http://identifiers.org/combine.specifications/cellml" master="false"/>
  <content location="267/bindschadler_sneyd_2001.cellml" format="http://identifiers.org/combine.specifications/cellml" master="false"/>
  <content location="267/weinstein_1998.cellml" format="http://identifiers.org/combine.specifications/cellml" master="false"/>
  <content location="267/smith_crampin_2004.cellml" format="http://identifiers.org/combine.specifications/cellml" master="false"/>
  <content location="267/Smith_2004.cellml" format="http://identifiers.org/combine.specifications/cellml" master="false"/>
  <content location="267/pandit_clark_giles_demir_2001_endocardial.cellml" format="http://identifiers.org/combine.specifications/cellml" master="false"/>
  <content location="267/Maxwell/manifest.xml" format="http://purl.org/NET/mediatypes/application/xml" master="false"/>
  <content location="267/Maxwell/model/weinstein_1995.cellml" format="http://identifiers.org/combine.specifications/cellml" master="false"/>
  <content location="267/Maxwell/model/weinstein_1995.rdf" format="http://purl.org/NET/mediatypes/application/xml" master="false"/>
  <content location="267/NaKATPase/Strieter_1992_NaK.cellml" format="http://identifiers.org/combine.specifications/cellml" master="false"/>
  <content location="267/NaKATPase/NaK_test.cellml" format="http://identifiers.org/combine.specifications/cellml" master="false"/>
  <content location="267/NaKATPase/Units/Units.cellml" format="http://identifiers.org/combine.specifications/cellml" master="false"/>
  <content location="267/GI Model/chang_fujita_b_1999_aNaCl.cellml" format="http://identifiers.org/combine.specifications/cellml" master="false"/>
  <content location="267/GI Model/chang_fujita_b_1999_aK.cellml" format="http://identifiers.org/combine.specifications/cellml" master="false"/>
  <content location="267/GI Model/chang_fujita_b_1999_bCl.cellml" format="http://identifiers.org/combine.specifications/cellml" master="false"/>
  <content location="267/GI Model/chang_fujita_b_1999_aNa.cellml" format="http://identifiers.org/combine.specifications/cellml" master="false"/>
  <content location="267/GI Model/blood_capillary_flux.cellml" format="http://identifiers.org/combine.specifications/cellml" master="false"/>
  <content location="267/GI Model/CFT_Cl.cellml" format="http://identifiers.org/combine.specifications/cellml" master="false"/>
  <content location="267/GI Model/chang_fujita_b_1999_pNa.cellml" format="http://identifiers.org/combine.specifications/cellml" master="false"/>
  <content location="267/GI Model/diffusive_K.cellml" format="http://identifiers.org/combine.specifications/cellml" master="false"/>
  <content location="267/GI Model/diffusive_Na.cellml" format="http://identifiers.org/combine.specifications/cellml" master="false"/>
  <content location="267/GI Model/GLUT2_Glucose_Basolateral.cellml" format="http://identifiers.org/combine.specifications/cellml" master="false"/>
  <content location="267/GI Model/chang_fujita_b_1999_pK.cellml" format="http://identifiers.org/combine.specifications/cellml" master="false"/>
  <content location="267/GI Model/chang_fujita_b_1999_aCl.cellml" format="http://identifiers.org/combine.specifications/cellml" master="false"/>
  <content location="267/GI Model/NaK_Pump.cellml" format="http://identifiers.org/combine.specifications/cellml" master="false"/>
  <content location="267/GI Model/ENaC_Na.cellml" format="http://identifiers.org/combine.specifications/cellml" master="false"/>
  <content location="267/GI Model/Na_K_Cl_NKCC.cellml" format="http://identifiers.org/combine.specifications/cellml" master="false"/>
  <content location="267/GI Model/IK_K.cellml" format="http://identifiers.org/combine.specifications/cellml" master="false"/>
  <content location="267/GI Model/chang_fujita_b_1999_bNaK.cellml" format="http://identifiers.org/combine.specifications/cellml" master="false"/>
  <content location="267/GI Model/BK_K.cellml" format="http://identifiers.org/combine.specifications/cellml" master="false"/>
  <content location="267/GI Model/NBC.cellml" format="http://identifiers.org/combine.specifications/cellml" master="false"/>
  <content location="267/GI Model/chang_fujita_b_1999_bK.cellml" format="http://identifiers.org/combine.specifications/cellml" master="false"/>
  <content location="267/GI Model/diffusive_Cl.cellml" format="http://identifiers.org/combine.specifications/cellml" master="false"/>
  <content location="267/GI Model/GLUT2_Glucose_Apical.cellml" format="http://identifiers.org/combine.specifications/cellml" master="false"/>
  <content location="267/GI Model/chang_fujita_b_1999_aKCl.cellml" format="http://identifiers.org/combine.specifications/cellml" master="false"/>
  <content location="267/GI Model/NHE3.cellml" format="http://identifiers.org/combine.specifications/cellml" master="false"/>
  <content location="267/GI Model/chang_fujita_b_1999_pCl.cellml" format="http://identifiers.org/combine.specifications/cellml" master="false"/>
  <content location="267/GI Model/AE1.cellml" format="http://identifiers.org/combine.specifications/cellml" master="false"/>
  <content location="267/GI Model/SGLT1.cellml" format="http://identifiers.org/combine.specifications/cellml" master="false"/>
  <content location="267/semgen_annotated_models/bindschadler_2001.cellml" format="http://identifiers.org/combine.specifications/cellml" master="false"/>
  <content location="267/semgen_annotated_models/Chang_Fujita_2001_Na_H_exchanger.cellml" format="http://identifiers.org/combine.specifications/cellml" master="false"/>
  <content location="267/semgen_annotated_models/chang_fujita_2001_H_ATPase.cellml" format="http://identifiers.org/combine.specifications/cellml" master="false"/>
  <content location="267/semgen_annotated_models/MacKenzie_1996.cellml" format="http://identifiers.org/combine.specifications/cellml" master="false"/>
  <content location="267/semgen_annotated_models/owl/Chang_Fujita_2001_Na_H_exchanger.owl" format="http://purl.org/NET/mediatypes/application/octet-stream" master="false"/>
  <content location="267/semgen_annotated_models/owl/Hilgemann_1987.owl" format="http://purl.org/NET/mediatypes/application/octet-stream" master="false"/>
  <content location="267/semgen_annotated_models/owl/tran_smith_loiselle_crampin_2009.owl" format="http://purl.org/NET/mediatypes/application/octet-stream" master="false"/>
  <content location="267/semgen_annotated_models/owl/smith_crampin_2004.owl" format="http://purl.org/NET/mediatypes/application/octet-stream" master="false"/>
  <content location="267/semgen_annotated_models/owl/De_Young_1992.owl" format="http://purl.org/NET/mediatypes/application/octet-stream" master="false"/>
  <content location="267/semgen_annotated_models/owl/hinch_greenstein_tanskanen_xu_winslow_2004.owl" format="http://purl.org/NET/mediatypes/application/octet-stream" master="false"/>
  <content location="267/semgen_annotated_models/owl/Hodgkin_Huxley_1952.owl" format="http://purl.org/NET/mediatypes/application/octet-stream" master="false"/>
  <content location="267/semgen_annotated_models/owl/pandit_clark_giles_demir_2001_endocardial.owl" format="http://purl.org/NET/mediatypes/application/octet-stream" master="false"/>
  <content location="267/semgen_annotated_models/owl/MacKenzie_1996.owl" format="http://purl.org/NET/mediatypes/application/octet-stream" master="false"/>
  <content location="267/semgen_annotated_models/owl/Holmes_2006.owl" format="http://purl.org/NET/mediatypes/application/octet-stream" master="false"/>
  <content location="267/semgen_annotated_models/owl/Yang_2006.owl" format="http://purl.org/NET/mediatypes/application/octet-stream" master="false"/>
  <content location="267/semgen_annotated_models/owl/siebert_CC_2008.owl" format="http://purl.org/NET/mediatypes/application/octet-stream" master="false"/>
  <content location="267/semgen_annotated_models/owl/DiFrancesco_Noble_1985.owl" format="http://purl.org/NET/mediatypes/application/octet-stream" master="false"/>
  <content location="267/semgen_annotated_models/owl/chang_fujita_2001_H_ATPase.owl" format="http://purl.org/NET/mediatypes/application/octet-stream" master="false"/>
  <content location="267/semgen_annotated_models/owl/iyer_mazhari_winslow_2004.owl" format="http://purl.org/NET/mediatypes/application/octet-stream" master="false"/>
  <content location="267/semgen_annotated_models/owl/Smith_2004.owl" format="http://purl.org/NET/mediatypes/application/octet-stream" master="false"/>
  <content location="267/semgen_annotated_models/owl/Heldt_Shim_2002.owl" format="http://purl.org/NET/mediatypes/application/octet-stream" master="false"/>
  <content location="267/semgen_annotated_models/owl/cooling_hunter_crampin_2007.owl" format="http://purl.org/NET/mediatypes/application/octet-stream" master="false"/>
  <content location="267/semgen_annotated_models/owl/bindschadler_2001.owl" format="http://purl.org/NET/mediatypes/application/octet-stream" master="false"/>
  <content location="267/semgen_annotated_models/owl/asthagiri_lauffenburger_2001.owl" format="http://purl.org/NET/mediatypes/application/octet-stream" master="false"/>
  <content location="267/semgen_annotated_models/owl/niederer_hunter_smith_2006.owl" format="http://purl.org/NET/mediatypes/application/octet-stream" master="false"/>
  <content location="267/guyton_kidney_2008/guyton_kidney_2008.cellml" format="http://identifiers.org/combine.specifications/cellml" master="false"/>
  <content location="267/guyton_kidney_2008/kidney_parent.cellml" format="http://identifiers.org/combine.specifications/cellml" master="false"/>
  <content location="267/guyton_kidney_2008/environment.cellml" format="http://identifiers.org/combine.specifications/cellml" master="false"/>
  <content location="267/guyton_kidney_2008/units.cellml" format="http://identifiers.org/combine.specifications/cellml" master="false"/>
  <content location="267/guyton_kidney_2008/kidney.cellml" format="http://identifiers.org/combine.specifications/cellml" master="false"/>
  <content location="267/guyton_kidney_2008/parameters.cellml" format="http://identifiers.org/combine.specifications/cellml" master="false"/>
  <content location="267/Nima/chang_fujita_b_1999.cellml" format="http://identifiers.org/combine.specifications/cellml" master="false"/>
  <content location="267/Nima/chang_fujita_b_1999_units_model.xml" format="http://purl.org/NET/mediatypes/application/xml" master="false"/>
  <content location="267/Nima/mc_sodium_channel.cellml" format="http://identifiers.org/combine.specifications/cellml" master="false"/>
  <content location="267/SEDML/chang_fujita_1999/chang_fujita_1999.cellml" format="http://identifiers.org/combine.specifications/cellml" master="false"/>
  <content location="267/SEDML/chang_fujita_1999/data.csv" format="http://purl.org/NET/mediatypes/text/csv" master="false"/>
  <content location="267/SEDML/chang_fujita_1999/ENa_vs_time.sedml" format="http://identifiers.org/combine.specifications/sed-ml" master="true"/>
  <content location="267/SEDML/chang_fujita_1999/concentration_vs_time.sedml" format="http://identifiers.org/combine.specifications/sed-ml" master="true"/>
  <content location="267/SEDML/eskandari_2005/data.csv" format="http://purl.org/NET/mediatypes/text/csv" master="false"/>
  <content location="267/SEDML/eskandari_2005/eskandari_2005.cellml" format="http://identifiers.org/combine.specifications/cellml" master="false"/>
  <content location="267/SEDML/eskandari_2005/voltage_vs_current.sedml" format="http://identifiers.org/combine.specifications/sed-ml" master="true"/>
  <content location="267/SEDML/eskandari_2005/concentration_vs_time.sedml" format="http://identifiers.org/combine.specifications/sed-ml" master="true"/>
  <content location="267/SEDML/mackenzie_1996/mackenzie_1996.cellml" format="http://identifiers.org/combine.specifications/cellml" master="false"/>
  <content location="267/SEDML/mackenzie_1996/data.csv" format="http://purl.org/NET/mediatypes/text/csv" master="false"/>
  <content location="267/SEDML/mackenzie_1996/voltage_vs_current.sedml" format="http://identifiers.org/combine.specifications/sed-ml" master="true"/>
  <content location="267/SEDML/mackenzie_1996/concentration_vs_time.sedml" format="http://identifiers.org/combine.specifications/sed-ml" master="true"/>
  <content location="267/SEDML/chang_fujita_b_1999/chang_fujita_b_1999.cellml" format="http://identifiers.org/combine.specifications/cellml" master="false"/>
  <content location="267/SEDML/weinstein_1995/data.csv" format="http://purl.org/NET/mediatypes/text/csv" master="false"/>
  <content location="267/SEDML/weinstein_1995/weinstein_1995.cellml" format="http://identifiers.org/combine.specifications/cellml" master="false"/>
  <content location="267/SEDML/weinstein_1995/concentration_vs_time.sedml" format="http://identifiers.org/combine.specifications/sed-ml" master="true"/>
  <content location="267/SEDML/weinstein_1995/REST/Weinstein_1995_NHE3_Fig2.cellml" format="http://identifiers.org/combine.specifications/cellml" master="false"/>
  <content location="267/SEDML/weinstein_1995/REST/Weinstein_1995_NHE3_Fig4A.sedml" format="http://identifiers.org/combine.specifications/sed-ml" master="true"/>
  <content location="267/SEDML/weinstein_1995/REST/Weinstein_1995_NHE3_Fig2.sedml" format="http://identifiers.org/combine.specifications/sed-ml" master="true"/>
  <content location="267/SEDML/weinstein_1995/REST/Weinstein_1995_NHE3.cellml" format="http://identifiers.org/combine.specifications/cellml" master="false"/>
  <content location="267/SEDML/weinstein_1995/REST/weinstein_1995.sedml" format="http://identifiers.org/combine.specifications/sed-ml" master="true"/>
  <content location="267/SEDML/weinstein_1995/REST/Weinstein_1995_NHE3_Fig4A.cellml" format="http://identifiers.org/combine.specifications/cellml" master="false"/>
  <content location="267/SEDML/weinstein_1995/REST/Weinstein_1995_NHE3_Fig4B.cellml" format="http://identifiers.org/combine.specifications/cellml" master="false"/>
  <content location="267/SEDML/weinstein_1995/REST/Weinstein_1995_NHE3_Fig4B.sedml" format="http://identifiers.org/combine.specifications/sed-ml" master="true"/>
  <content location="267/SEDML/weinstein_1995/REST/Units/Units.cellml" format="http://identifiers.org/combine.specifications/cellml" master="false"/>
  <content location="267/NaHCO3/Ostby_2009_NBC.cellml" format="http://identifiers.org/combine.specifications/cellml" master="false"/>
  <content location="267/NaHCO3/NBC_test.cellml" format="http://identifiers.org/combine.specifications/cellml" master="false"/>
  <content location="267/NaHCO3/Units/Units.cellml" format="http://identifiers.org/combine.specifications/cellml" master="false"/>
  <content location="metadata.rdf" format="http://identifiers.org/combine.specifications/omex-metadata" master="false"/>
</omexManifest>
