<?xml version="1.0" encoding="UTF-8"?>
<omexManifest xmlns="http://identifiers.org/combine.specifications/omex-manifest">
  <content location="saucerman_mcculloch_2003.ai" format="http://purl.org/NET/mediatypes/application/octet-stream" master="false"/>
  <content location="plot_styles.rb" format="http://purl.org/NET/mediatypes/application/octet-stream" master="false"/>
  <content location="saucerman_brunton_michailova_mcculloch_2003.cellml" format="http://identifiers.org/combine.specifications/cellml" master="false"/>
  <content location="saucerman_mcculloch_2003.png" format="http://purl.org/NET/mediatypes/image/png" master="false"/>
  <content location="saucerman_jbc2003.m" format="http://purl.org/NET/mediatypes/text/x-matlab" master="false"/>
  <content location="saucerman_mcculloch_2003.svg" format="http://purl.org/NET/mediatypes/image/svg+xml" master="false"/>
  <content location="plots.rb" format="http://purl.org/NET/mediatypes/application/octet-stream" master="false"/>
  <content location="saucerman_brunton_michailova_mcculloch_2003.sedml" format="http://identifiers.org/combine.specifications/sed-ml" master="true"/>
  <content location="metadata.rdf" format="http://identifiers.org/combine.specifications/omex-metadata" master="false"/>
</omexManifest>
