<?xml version="1.0" encoding="UTF-8"?>
<omexManifest xmlns="http://identifiers.org/combine.specifications/omex-manifest">
  <content location="Simulation/fig13d2.csv" format="http://purl.org/NET/mediatypes/text/csv" master="false"/>
  <content location="Simulation/fig3.dig" format="http://purl.org/NET/mediatypes/application/octet-stream" master="false"/>
  <content location="Simulation/Fig8_plot.py" format="http://purl.org/NET/mediatypes/application/x-python-code" master="false"/>
  <content location="Simulation/Fig13_sim.py" format="http://purl.org/NET/mediatypes/application/x-python-code" master="false"/>
  <content location="Simulation/fig13.png" format="http://purl.org/NET/mediatypes/image/png" master="false"/>
  <content location="Simulation/Periodic_stimulation.sedml" format="http://identifiers.org/combine.specifications/sed-ml" master="true"/>
  <content location="Simulation/fig6.csv" format="http://purl.org/NET/mediatypes/text/csv" master="false"/>
  <content location="Simulation/fig9.jpg" format="http://purl.org/NET/mediatypes/image/jpeg" master="false"/>
  <content location="Simulation/fig5b.csv" format="http://purl.org/NET/mediatypes/text/csv" master="false"/>
  <content location="Simulation/fig2.dig" format="http://purl.org/NET/mediatypes/application/octet-stream" master="false"/>
  <content location="Simulation/fig13a2.csv" format="http://purl.org/NET/mediatypes/text/csv" master="false"/>
  <content location="Simulation/Fig11_sim.py" format="http://purl.org/NET/mediatypes/application/x-python-code" master="false"/>
  <content location="Simulation/fig11.png" format="http://purl.org/NET/mediatypes/image/png" master="false"/>
  <content location="Simulation/simFig10.png" format="http://purl.org/NET/mediatypes/image/png" master="false"/>
  <content location="Simulation/simFig4.png" format="http://purl.org/NET/mediatypes/image/png" master="false"/>
  <content location="Simulation/fig10.png" format="http://purl.org/NET/mediatypes/image/png" master="false"/>
  <content location="Simulation/fig2.csv" format="http://purl.org/NET/mediatypes/text/csv" master="false"/>
  <content location="Simulation/Fig2_sim.py" format="http://purl.org/NET/mediatypes/application/x-python-code" master="false"/>
  <content location="Simulation/fig4.jpg" format="http://purl.org/NET/mediatypes/image/jpeg" master="false"/>
  <content location="Simulation/fig14.jpg" format="http://purl.org/NET/mediatypes/image/jpeg" master="false"/>
  <content location="Simulation/fig8B.csv" format="http://purl.org/NET/mediatypes/text/csv" master="false"/>
  <content location="Simulation/Fig5_plot.py" format="http://purl.org/NET/mediatypes/application/x-python-code" master="false"/>
  <content location="Simulation/Fig10_plot.py" format="http://purl.org/NET/mediatypes/application/x-python-code" master="false"/>
  <content location="Simulation/simFig6.png" format="http://purl.org/NET/mediatypes/image/png" master="false"/>
  <content location="Simulation/fig5a.csv" format="http://purl.org/NET/mediatypes/text/csv" master="false"/>
  <content location="Simulation/fig11.csv" format="http://purl.org/NET/mediatypes/text/csv" master="false"/>
  <content location="Simulation/fig8.jpg" format="http://purl.org/NET/mediatypes/image/jpeg" master="false"/>
  <content location="Simulation/fig10(-70)_b.csv" format="http://purl.org/NET/mediatypes/text/csv" master="false"/>
  <content location="Simulation/fig13e1.dig" format="http://purl.org/NET/mediatypes/application/octet-stream" master="false"/>
  <content location="Simulation/simFig11.png" format="http://purl.org/NET/mediatypes/image/png" master="false"/>
  <content location="Simulation/fig13e2.dig" format="http://purl.org/NET/mediatypes/application/octet-stream" master="false"/>
  <content location="Simulation/fig13d0.dig" format="http://purl.org/NET/mediatypes/application/octet-stream" master="false"/>
  <content location="Simulation/fig13d2.dig" format="http://purl.org/NET/mediatypes/application/octet-stream" master="false"/>
  <content location="Simulation/fig6.jpg" format="http://purl.org/NET/mediatypes/image/jpeg" master="false"/>
  <content location="Simulation/fig13a0.csv" format="http://purl.org/NET/mediatypes/text/csv" master="false"/>
  <content location="Simulation/Patch_clampXi_experiment.sedml" format="http://identifiers.org/combine.specifications/sed-ml" master="true"/>
  <content location="Simulation/fig13c0.csv" format="http://purl.org/NET/mediatypes/text/csv" master="false"/>
  <content location="Simulation/Periodic_stimulation_SA.sedml" format="http://identifiers.org/combine.specifications/sed-ml" master="true"/>
  <content location="Simulation/fig10(-70)_d.csv" format="http://purl.org/NET/mediatypes/text/csv" master="false"/>
  <content location="Simulation/fig11.jpg" format="http://purl.org/NET/mediatypes/image/jpeg" master="false"/>
  <content location="Simulation/fig10.jpg" format="http://purl.org/NET/mediatypes/image/jpeg" master="false"/>
  <content location="Simulation/fig9.dig" format="http://purl.org/NET/mediatypes/application/octet-stream" master="false"/>
  <content location="Simulation/fig2.jpg" format="http://purl.org/NET/mediatypes/image/jpeg" master="false"/>
  <content location="Simulation/fig9.csv" format="http://purl.org/NET/mediatypes/text/csv" master="false"/>
  <content location="Simulation/fig3.csv" format="http://purl.org/NET/mediatypes/text/csv" master="false"/>
  <content location="Simulation/fig10(-70)_h.csv" format="http://purl.org/NET/mediatypes/text/csv" master="false"/>
  <content location="Simulation/fig11.dig" format="http://purl.org/NET/mediatypes/application/octet-stream" master="false"/>
  <content location="Simulation/fig13d0.csv" format="http://purl.org/NET/mediatypes/text/csv" master="false"/>
  <content location="Simulation/simFig2.png" format="http://purl.org/NET/mediatypes/image/png" master="false"/>
  <content location="Simulation/fig4.dig" format="http://purl.org/NET/mediatypes/application/octet-stream" master="false"/>
  <content location="Simulation/Fig11_plot.py" format="http://purl.org/NET/mediatypes/application/x-python-code" master="false"/>
  <content location="Simulation/fig12.jpg" format="http://purl.org/NET/mediatypes/image/jpeg" master="false"/>
  <content location="Simulation/simFig3.png" format="http://purl.org/NET/mediatypes/image/png" master="false"/>
  <content location="Simulation/fig6.dig" format="http://purl.org/NET/mediatypes/application/octet-stream" master="false"/>
  <content location="Simulation/fig13e2.csv" format="http://purl.org/NET/mediatypes/text/csv" master="false"/>
  <content location="Simulation/fig13b0.dig" format="http://purl.org/NET/mediatypes/application/octet-stream" master="false"/>
  <content location="Simulation/fig10(-70)_a.csv" format="http://purl.org/NET/mediatypes/text/csv" master="false"/>
  <content location="Simulation/fig8C.dig" format="http://purl.org/NET/mediatypes/application/octet-stream" master="false"/>
  <content location="Simulation/fig3.jpg" format="http://purl.org/NET/mediatypes/image/jpeg" master="false"/>
  <content location="Simulation/Fig8_sim0.py" format="http://purl.org/NET/mediatypes/application/x-python-code" master="false"/>
  <content location="Simulation/Fig9_sim.py" format="http://purl.org/NET/mediatypes/application/x-python-code" master="false"/>
  <content location="Simulation/Fig10_sim.py" format="http://purl.org/NET/mediatypes/application/x-python-code" master="false"/>
  <content location="Simulation/Fig4_plot.py" format="http://purl.org/NET/mediatypes/application/x-python-code" master="false"/>
  <content location="Simulation/Fig5_sim.py" format="http://purl.org/NET/mediatypes/application/x-python-code" master="false"/>
  <content location="Simulation/fig13b0.csv" format="http://purl.org/NET/mediatypes/text/csv" master="false"/>
  <content location="Simulation/fig13a.dig" format="http://purl.org/NET/mediatypes/application/octet-stream" master="false"/>
  <content location="Simulation/fig13e1.csv" format="http://purl.org/NET/mediatypes/text/csv" master="false"/>
  <content location="Simulation/simFig8.png" format="http://purl.org/NET/mediatypes/image/png" master="false"/>
  <content location="Simulation/Fig13_plot.py" format="http://purl.org/NET/mediatypes/application/x-python-code" master="false"/>
  <content location="Simulation/Fig9_plot.py" format="http://purl.org/NET/mediatypes/application/x-python-code" master="false"/>
  <content location="Simulation/Fig6_plot.py" format="http://purl.org/NET/mediatypes/application/x-python-code" master="false"/>
  <content location="Simulation/simFig9.png" format="http://purl.org/NET/mediatypes/image/png" master="false"/>
  <content location="Simulation/fig10(-70)_e.csv" format="http://purl.org/NET/mediatypes/text/csv" master="false"/>
  <content location="Simulation/fig13e0.csv" format="http://purl.org/NET/mediatypes/text/csv" master="false"/>
  <content location="Simulation/fig10(-70)_g.csv" format="http://purl.org/NET/mediatypes/text/csv" master="false"/>
  <content location="Simulation/Fig3_plot.py" format="http://purl.org/NET/mediatypes/application/x-python-code" master="false"/>
  <content location="Simulation/Fig4_sim.py" format="http://purl.org/NET/mediatypes/application/x-python-code" master="false"/>
  <content location="Simulation/fig8B.dig" format="http://purl.org/NET/mediatypes/application/octet-stream" master="false"/>
  <content location="Simulation/Fig8_sim.py" format="http://purl.org/NET/mediatypes/application/x-python-code" master="false"/>
  <content location="Simulation/fig13.jpg" format="http://purl.org/NET/mediatypes/image/jpeg" master="false"/>
  <content location="Simulation/fig5.jpg" format="http://purl.org/NET/mediatypes/image/jpeg" master="false"/>
  <content location="Simulation/Fig3_sim.py" format="http://purl.org/NET/mediatypes/application/x-python-code" master="false"/>
  <content location="Simulation/fig4.csv" format="http://purl.org/NET/mediatypes/text/csv" master="false"/>
  <content location="Simulation/fig10(-70)_f.csv" format="http://purl.org/NET/mediatypes/text/csv" master="false"/>
  <content location="Simulation/fig13c0.dig" format="http://purl.org/NET/mediatypes/application/octet-stream" master="false"/>
  <content location="Simulation/simFig5.png" format="http://purl.org/NET/mediatypes/image/png" master="false"/>
  <content location="Simulation/simFig13.png" format="http://purl.org/NET/mediatypes/image/png" master="false"/>
  <content location="Simulation/fig13e0.dig" format="http://purl.org/NET/mediatypes/application/octet-stream" master="false"/>
  <content location="Simulation/fig8C.csv" format="http://purl.org/NET/mediatypes/text/csv" master="false"/>
  <content location="Simulation/fig5.dig" format="http://purl.org/NET/mediatypes/application/octet-stream" master="false"/>
  <content location="Simulation/Fig6_sim.py" format="http://purl.org/NET/mediatypes/application/x-python-code" master="false"/>
  <content location="Simulation/fig10(-70)_c.csv" format="http://purl.org/NET/mediatypes/text/csv" master="false"/>
  <content location="Simulation/Fig2_plot.py" format="http://purl.org/NET/mediatypes/application/x-python-code" master="false"/>
  <content location="Simulation/fig13a1.csv" format="http://purl.org/NET/mediatypes/text/csv" master="false"/>
  <content location="Experiments/Periodic_IStim_protocol.cellml" format="http://identifiers.org/combine.specifications/cellml" master="false"/>
  <content location="Experiments/Periodic_stimulation_SA.cellml" format="http://identifiers.org/combine.specifications/cellml" master="false"/>
  <content location="Experiments/Patch_clamp_protocol.cellml" format="http://identifiers.org/combine.specifications/cellml" master="false"/>
  <content location="Experiments/Periodic_stimulation.cellml" format="http://identifiers.org/combine.specifications/cellml" master="false"/>
  <content location="Experiments/Patch_clamp_experiment.cellml" format="http://identifiers.org/combine.specifications/cellml" master="false"/>
  <content location="Experiments/Patch_clampXi_experiment.cellml" format="http://identifiers.org/combine.specifications/cellml" master="false"/>
  <content location="Doc/time.rst" format="http://purl.org/NET/mediatypes/text/plain" master="false"/>
  <content location="Doc/Clamped_current_Xi.rst" format="http://purl.org/NET/mediatypes/text/plain" master="false"/>
  <content location="Doc/Experiments.rst" format="http://purl.org/NET/mediatypes/text/plain" master="false"/>
  <content location="Doc/Periodic_stimulation.rst" format="http://purl.org/NET/mediatypes/text/plain" master="false"/>
  <content location="Doc/Periodic_stimulation_SA.rst" format="http://purl.org/NET/mediatypes/text/plain" master="false"/>
  <content location="Doc/Components.rst" format="http://purl.org/NET/mediatypes/text/plain" master="false"/>
  <content location="Doc/schematics.png" format="http://purl.org/NET/mediatypes/image/png" master="false"/>
  <content location="Doc/Patch_clampXi_experiment.rst" format="http://purl.org/NET/mediatypes/text/plain" master="false"/>
  <content location="Doc/README.rst" format="http://purl.org/NET/mediatypes/text/plain" master="false"/>
  <content location="Doc/temperature_factor.rst" format="http://purl.org/NET/mediatypes/text/plain" master="false"/>
  <content location="Doc/Membrane_potential.rst" format="http://purl.org/NET/mediatypes/text/plain" master="false"/>
  <content location="Components/Clamped_current_Xi.cellml" format="http://identifiers.org/combine.specifications/cellml" master="false"/>
  <content location="Components/E_Nernst.cellml" format="http://identifiers.org/combine.specifications/cellml" master="false"/>
  <content location="Components/ICaT.cellml" format="http://identifiers.org/combine.specifications/cellml" master="false"/>
  <content location="Components/time_constant_f.cellml" format="http://identifiers.org/combine.specifications/cellml" master="false"/>
  <content location="Components/IBK_channel_states.cellml" format="http://identifiers.org/combine.specifications/cellml" master="false"/>
  <content location="Components/INS_K.cellml" format="http://identifiers.org/combine.specifications/cellml" master="false"/>
  <content location="Components/Ionic_currents.cellml" format="http://identifiers.org/combine.specifications/cellml" master="false"/>
  <content location="Components/INCX.cellml" format="http://identifiers.org/combine.specifications/cellml" master="false"/>
  <content location="Components/default_values.cellml" format="http://identifiers.org/combine.specifications/cellml" master="false"/>
  <content location="Components/IKv.cellml" format="http://identifiers.org/combine.specifications/cellml" master="false"/>
  <content location="Components/INS_Na.cellml" format="http://identifiers.org/combine.specifications/cellml" master="false"/>
  <content location="Components/ICaT_gating_inf.cellml" format="http://identifiers.org/combine.specifications/cellml" master="false"/>
  <content location="Components/ICaL.cellml" format="http://identifiers.org/combine.specifications/cellml" master="false"/>
  <content location="Components/time.cellml" format="http://identifiers.org/combine.specifications/cellml" master="false"/>
  <content location="Components/ICaL_channel_states.cellml" format="http://identifiers.org/combine.specifications/cellml" master="false"/>
  <content location="Components/Ionic_concentrations.cellml" format="http://identifiers.org/combine.specifications/cellml" master="false"/>
  <content location="Components/Nernst_potential.cellml" format="http://identifiers.org/combine.specifications/cellml" master="false"/>
  <content location="Components/ICaL_off.cellml" format="http://identifiers.org/combine.specifications/cellml" master="false"/>
  <content location="Components/Membrane_potential.cellml" format="http://identifiers.org/combine.specifications/cellml" master="false"/>
  <content location="Components/temperature_factor.cellml" format="http://identifiers.org/combine.specifications/cellml" master="false"/>
  <content location="Components/INa_channel_states.cellml" format="http://identifiers.org/combine.specifications/cellml" master="false"/>
  <content location="Components/ICaL_channel_states_off.cellml" format="http://identifiers.org/combine.specifications/cellml" master="false"/>
  <content location="Components/IBK.cellml" format="http://identifiers.org/combine.specifications/cellml" master="false"/>
  <content location="Components/INa.cellml" format="http://identifiers.org/combine.specifications/cellml" master="false"/>
  <content location="Components/IKv_gating_inf.cellml" format="http://identifiers.org/combine.specifications/cellml" master="false"/>
  <content location="Components/Clamped_current.cellml" format="http://identifiers.org/combine.specifications/cellml" master="false"/>
  <content location="Components/gating_kinetics.cellml" format="http://identifiers.org/combine.specifications/cellml" master="false"/>
  <content location="Components/units.cellml" format="http://identifiers.org/combine.specifications/cellml" master="false"/>
  <content location="Components/INaK.cellml" format="http://identifiers.org/combine.specifications/cellml" master="false"/>
  <content location="metadata.rdf" format="http://identifiers.org/combine.specifications/omex-metadata" master="false"/>
</omexManifest>
