<?xml version="1.0" encoding="UTF-8"?>
<omexManifest xmlns="http://identifiers.org/combine.specifications/omex-manifest">
  <content location="Fig9.rst" format="http://purl.org/NET/mediatypes/text/plain" master="false"/>
  <content location="Fig5.rst" format="http://purl.org/NET/mediatypes/text/plain" master="false"/>
  <content location="Fig4.rst" format="http://purl.org/NET/mediatypes/text/plain" master="false"/>
  <content location="Experiments.rst" format="http://purl.org/NET/mediatypes/text/plain" master="false"/>
  <content location="Fig7.rst" format="http://purl.org/NET/mediatypes/text/plain" master="false"/>
  <content location="Overview.rst" format="http://purl.org/NET/mediatypes/text/plain" master="false"/>
  <content location="Components.rst" format="http://purl.org/NET/mediatypes/text/plain" master="false"/>
  <content location="overview.jpg" format="http://purl.org/NET/mediatypes/image/jpeg" master="false"/>
  <content location="Fig11.rst" format="http://purl.org/NET/mediatypes/text/plain" master="false"/>
  <content location="Fig8.rst" format="http://purl.org/NET/mediatypes/text/plain" master="false"/>
  <content location="Fig6.rst" format="http://purl.org/NET/mediatypes/text/plain" master="false"/>
  <content location="Fig3.rst" format="http://purl.org/NET/mediatypes/text/plain" master="false"/>
  <content location="Fig10.rst" format="http://purl.org/NET/mediatypes/text/plain" master="false"/>
  <content location="schematic-diagram.jpg" format="http://purl.org/NET/mediatypes/image/jpeg" master="false"/>
  <content location="Experiments/fig11-new.py" format="http://purl.org/NET/mediatypes/application/x-python-code" master="false"/>
  <content location="Experiments/fig9-new.py" format="http://purl.org/NET/mediatypes/application/x-python-code" master="false"/>
  <content location="Experiments/fig6-new.py" format="http://purl.org/NET/mediatypes/application/x-python-code" master="false"/>
  <content location="Experiments/Figure09.png" format="http://purl.org/NET/mediatypes/image/png" master="false"/>
  <content location="Experiments/Figure04.png" format="http://purl.org/NET/mediatypes/image/png" master="false"/>
  <content location="Experiments/fig8-new.py" format="http://purl.org/NET/mediatypes/application/x-python-code" master="false"/>
  <content location="Experiments/Figure11.png" format="http://purl.org/NET/mediatypes/image/png" master="false"/>
  <content location="Experiments/ca_analysis.py" format="http://purl.org/NET/mediatypes/application/x-python-code" master="false"/>
  <content location="Experiments/Figure06.png" format="http://purl.org/NET/mediatypes/image/png" master="false"/>
  <content location="Experiments/Figure05.png" format="http://purl.org/NET/mediatypes/image/png" master="false"/>
  <content location="Experiments/fig5-new.py" format="http://purl.org/NET/mediatypes/application/x-python-code" master="false"/>
  <content location="Experiments/Figure08.png" format="http://purl.org/NET/mediatypes/image/png" master="false"/>
  <content location="Experiments/fig10-new.py" format="http://purl.org/NET/mediatypes/application/x-python-code" master="false"/>
  <content location="Experiments/Figure10.png" format="http://purl.org/NET/mediatypes/image/png" master="false"/>
  <content location="Experiments/fig3-new.py" format="http://purl.org/NET/mediatypes/application/x-python-code" master="false"/>
  <content location="Experiments/Figure07.png" format="http://purl.org/NET/mediatypes/image/png" master="false"/>
  <content location="Experiments/fig7-new.py" format="http://purl.org/NET/mediatypes/application/x-python-code" master="false"/>
  <content location="Experiments/Figure03.png" format="http://purl.org/NET/mediatypes/image/png" master="false"/>
  <content location="Experiments/fig4-new.py" format="http://purl.org/NET/mediatypes/application/x-python-code" master="false"/>
  <content location="Components/parameter_Ikr.cellml" format="http://identifiers.org/combine.specifications/cellml" master="false"/>
  <content location="Components/act_inact.cellml" format="http://identifiers.org/combine.specifications/cellml" master="false"/>
  <content location="Components/parameter_If.cellml" format="http://identifiers.org/combine.specifications/cellml" master="false"/>
  <content location="Components/parameter_Ica.cellml" format="http://identifiers.org/combine.specifications/cellml" master="false"/>
  <content location="Components/gating_Ik1.cellml" format="http://identifiers.org/combine.specifications/cellml" master="false"/>
  <content location="Components/gating.cellml" format="http://identifiers.org/combine.specifications/cellml" master="false"/>
  <content location="Components/gating_Ica.cellml" format="http://identifiers.org/combine.specifications/cellml" master="false"/>
  <content location="Components/gating_Ina.cellml" format="http://identifiers.org/combine.specifications/cellml" master="false"/>
  <content location="Components/Current_Inak.cellml" format="http://identifiers.org/combine.specifications/cellml" master="false"/>
  <content location="Components/Current_Ina.cellml" format="http://identifiers.org/combine.specifications/cellml" master="false"/>
  <content location="Components/Current_Ikr.cellml" format="http://identifiers.org/combine.specifications/cellml" master="false"/>
  <content location="Components/parameter_Ito.cellml" format="http://identifiers.org/combine.specifications/cellml" master="false"/>
  <content location="Components/calcium_SR.cellml" format="http://identifiers.org/combine.specifications/cellml" master="false"/>
  <content location="Components/parameter_Ik1.cellml" format="http://identifiers.org/combine.specifications/cellml" master="false"/>
  <content location="Components/parameter_Iks.cellml" format="http://identifiers.org/combine.specifications/cellml" master="false"/>
  <content location="Components/act_inact.sedml" format="http://identifiers.org/combine.specifications/sed-ml" master="true"/>
  <content location="Components/Current_Ibna.cellml" format="http://identifiers.org/combine.specifications/cellml" master="false"/>
  <content location="Components/Current_Ica.cellml" format="http://identifiers.org/combine.specifications/cellml" master="false"/>
  <content location="Components/Current_Ileak.cellml" format="http://identifiers.org/combine.specifications/cellml" master="false"/>
  <content location="Components/gating_Ikr.cellml" format="http://identifiers.org/combine.specifications/cellml" master="false"/>
  <content location="Components/Channels.cellml" format="http://identifiers.org/combine.specifications/cellml" master="false"/>
  <content location="Components/Current_Irel.cellml" format="http://identifiers.org/combine.specifications/cellml" master="false"/>
  <content location="Components/Current_Ibca.cellml" format="http://identifiers.org/combine.specifications/cellml" master="false"/>
  <content location="Components/Current_Iks.cellml" format="http://identifiers.org/combine.specifications/cellml" master="false"/>
  <content location="Components/Current_Ito.cellml" format="http://identifiers.org/combine.specifications/cellml" master="false"/>
  <content location="Components/Nernst_potential.cellml" format="http://identifiers.org/combine.specifications/cellml" master="false"/>
  <content location="Components/Channels.sedml" format="http://identifiers.org/combine.specifications/sed-ml" master="true"/>
  <content location="Components/Current_Ik1.cellml" format="http://identifiers.org/combine.specifications/cellml" master="false"/>
  <content location="Components/gating_Ito.cellml" format="http://identifiers.org/combine.specifications/cellml" master="false"/>
  <content location="Components/unit.cellml" format="http://identifiers.org/combine.specifications/cellml" master="false"/>
  <content location="Components/calcium_Buf.cellml" format="http://identifiers.org/combine.specifications/cellml" master="false"/>
  <content location="Components/gating_Icat.cellml" format="http://identifiers.org/combine.specifications/cellml" master="false"/>
  <content location="Components/Current_Iup.cellml" format="http://identifiers.org/combine.specifications/cellml" master="false"/>
  <content location="Components/gating_Iks.cellml" format="http://identifiers.org/combine.specifications/cellml" master="false"/>
  <content location="Components/Current_Inaca.cellml" format="http://identifiers.org/combine.specifications/cellml" master="false"/>
  <content location="Components/parameter_Ina.cellml" format="http://identifiers.org/combine.specifications/cellml" master="false"/>
  <content location="Components/Current_Icat.cellml" format="http://identifiers.org/combine.specifications/cellml" master="false"/>
  <content location="Components/Protocol.cellml" format="http://identifiers.org/combine.specifications/cellml" master="false"/>
  <content location="Components/gating_Irel.cellml" format="http://identifiers.org/combine.specifications/cellml" master="false"/>
  <content location="Components/Current_If.cellml" format="http://identifiers.org/combine.specifications/cellml" master="false"/>
  <content location="Components/Current_Ipca.cellml" format="http://identifiers.org/combine.specifications/cellml" master="false"/>
  <content location="Components/gating_If.cellml" format="http://identifiers.org/combine.specifications/cellml" master="false"/>
  <content location="Components/parameter.cellml" format="http://identifiers.org/combine.specifications/cellml" master="false"/>
  <content location="Components/__pycache__/ca_analysis.cpython-37.pyc" format="http://purl.org/NET/mediatypes/application/octet-stream" master="false"/>
  <content location="metadata.rdf" format="http://identifiers.org/combine.specifications/omex-metadata" master="false"/>
</omexManifest>
