<?xml version="1.0" encoding="UTF-8"?>
<omexManifest xmlns="http://identifiers.org/combine.specifications/omex-manifest">
  <content location="potassium_channel_n_gate_model.xml" format="http://purl.org/NET/mediatypes/application/xml" master="false"/>
  <content location="parameters_model.xml" format="http://purl.org/NET/mediatypes/application/xml" master="false"/>
  <content location="interface_model.xml" format="http://purl.org/NET/mediatypes/application/xml" master="false"/>
  <content location="leakage_current_model.xml" format="http://purl.org/NET/mediatypes/application/xml" master="false"/>
  <content location="sodium_channel_model.xml" format="http://purl.org/NET/mediatypes/application/xml" master="false"/>
  <content location="units_model.xml" format="http://purl.org/NET/mediatypes/application/xml" master="false"/>
  <content location="potassium_channel_model.xml" format="http://purl.org/NET/mediatypes/application/xml" master="false"/>
  <content location="sodium_channel_h_gate_model.xml" format="http://purl.org/NET/mediatypes/application/xml" master="false"/>
  <content location="default_variable_values.xml" format="http://purl.org/NET/mediatypes/application/xml" master="false"/>
  <content location="time_model.xml" format="http://purl.org/NET/mediatypes/application/xml" master="false"/>
  <content location="stimulus_protocol_model.xml" format="http://purl.org/NET/mediatypes/application/xml" master="false"/>
  <content location="membrane_model.xml" format="http://purl.org/NET/mediatypes/application/xml" master="false"/>
  <content location="sodium_channel_m_gate_model.xml" format="http://purl.org/NET/mediatypes/application/xml" master="false"/>
  <content location="cell_model_interface.xml" format="http://purl.org/NET/mediatypes/application/xml" master="false"/>
  <content location="experiments/cell-model.xml" format="http://purl.org/NET/mediatypes/application/xml" master="false"/>
  <content location="experiments/cell-model.sedml" format="http://identifiers.org/combine.specifications/sed-ml" master="true"/>
  <content location="metadata.rdf" format="http://identifiers.org/combine.specifications/omex-metadata" master="false"/>
</omexManifest>
