<?xml version="1.0" encoding="UTF-8"?>
<omexManifest xmlns="http://identifiers.org/combine.specifications/omex-manifest">
  <content location="aguda_1999_bb.png" format="http://purl.org/NET/mediatypes/image/png" master="false"/>
  <content location="aguda_1999_bc.png" format="http://purl.org/NET/mediatypes/image/png" master="false"/>
  <content location="aguda_b_1999.cellml" format="http://identifiers.org/combine.specifications/cellml" master="false"/>
  <content location="aguda_1999_ba.ai" format="http://purl.org/NET/mediatypes/application/octet-stream" master="false"/>
  <content location="aguda_b_1999.session.xml" format="http://purl.org/NET/mediatypes/application/xml" master="false"/>
  <content location="aguda_1999_ba.xul" format="http://purl.org/NET/mediatypes/application/octet-stream" master="false"/>
  <content location="aguda_b_1999_Fig8.sedml" format="http://identifiers.org/combine.specifications/sed-ml" master="true"/>
  <content location="aguda_1999_ba.svg" format="http://purl.org/NET/mediatypes/image/svg+xml" master="false"/>
  <content location="aguda_1999_bd.png" format="http://purl.org/NET/mediatypes/image/png" master="false"/>
  <content location="aguda_1999_bc.svg" format="http://purl.org/NET/mediatypes/image/svg+xml" master="false"/>
  <content location="aguda_1999_bc.ai" format="http://purl.org/NET/mediatypes/application/octet-stream" master="false"/>
  <content location="aguda_1999_bb.svg" format="http://purl.org/NET/mediatypes/image/svg+xml" master="false"/>
  <content location="aguda_1999_bb.ai" format="http://purl.org/NET/mediatypes/application/octet-stream" master="false"/>
  <content location="aguda_1999_bd.ai" format="http://purl.org/NET/mediatypes/application/octet-stream" master="false"/>
  <content location="aguda_1999_ba.png" format="http://purl.org/NET/mediatypes/image/png" master="false"/>
  <content location="aguda_b_1999.xul" format="http://purl.org/NET/mediatypes/application/octet-stream" master="false"/>
  <content location="aguda_1999_bd.svg" format="http://purl.org/NET/mediatypes/image/svg+xml" master="false"/>
  <content location="metadata.rdf" format="http://identifiers.org/combine.specifications/omex-metadata" master="false"/>
</omexManifest>
