<?xml version="1.0" encoding="UTF-8"?>
<omexManifest xmlns="http://identifiers.org/combine.specifications/omex-manifest">
  <content location="novak_tyson_1993_a.session.xml" format="http://purl.org/NET/mediatypes/application/xml" master="false"/>
  <content location="novak_1993a.ai" format="http://purl.org/NET/mediatypes/application/octet-stream" master="false"/>
  <content location="novak_1993b.png" format="http://purl.org/NET/mediatypes/image/png" master="false"/>
  <content location="novak_1993b.svg" format="http://purl.org/NET/mediatypes/image/svg+xml" master="false"/>
  <content location="novak_tyson_1993.xul" format="http://purl.org/NET/mediatypes/application/octet-stream" master="false"/>
  <content location="novak_tyson_1993_b.cellml" format="http://identifiers.org/combine.specifications/cellml" master="false"/>
  <content location="novak_1993c.svg" format="http://purl.org/NET/mediatypes/image/svg+xml" master="false"/>
  <content location="novak_1993b.ai" format="http://purl.org/NET/mediatypes/application/octet-stream" master="false"/>
  <content location="novak_1993c.ai" format="http://purl.org/NET/mediatypes/application/octet-stream" master="false"/>
  <content location="novak_1993a.png" format="http://purl.org/NET/mediatypes/image/png" master="false"/>
  <content location="novak_tyson_1993_a.cellml" format="http://identifiers.org/combine.specifications/cellml" master="false"/>
  <content location="novak_tyson_1993_Fig4A.sedml" format="http://identifiers.org/combine.specifications/sed-ml" master="true"/>
  <content location="novak_tyson_1993_Fig9.sedml" format="http://identifiers.org/combine.specifications/sed-ml" master="true"/>
  <content location="novak_1993a.svg" format="http://purl.org/NET/mediatypes/image/svg+xml" master="false"/>
  <content location="novak_1993c.png" format="http://purl.org/NET/mediatypes/image/png" master="false"/>
  <content location="metadata.rdf" format="http://identifiers.org/combine.specifications/omex-metadata" master="false"/>
</omexManifest>
