<?xml version='1.0'?>
<model name="chang_fujita_b_1999_units_model" xmlns="http://www.cellml.org/cellml/1.1#" xmlns:cellml="http://www.cellml.org/cellml/1.1#">
    <units name="millivolt">
        <unit prefix="milli" units="volt"/>
    </units>
    <units name="cm_per_s">
        <unit prefix="centi" units="metre"/>
        <unit exponent="-1" units="second"/>
    </units>
    <units name="cm">
        <unit prefix="centi" units="metre"/>
    </units>
    <units name="mmol_per_cm3">
        <unit prefix="milli" units="mole"/>
        <unit exponent="-3" prefix="centi" units="metre"/>
    </units>
    <units name="flux">
        <unit prefix="milli" units="mole"/>
        <unit exponent="-3" prefix="centi" units="metre"/>
        <unit exponent="-1" units="second"/>
    </units>
    <units name="C_per_mmol">
        <unit units="coulomb"/>
        <unit exponent="-1" prefix="milli" units="mole"/>
    </units>
    <units name="J_per_mmol">
        <unit units="joule"/>
        <unit exponent="-1" prefix="milli" units="mole"/>
        <unit exponent="-1" units="kelvin"/>
    </units>
    <units base_units="yes" name="mmHg"/>
    <units name="cm_per_s_mmHg">
        <unit prefix="centi" units="metre"/>
        <unit exponent="-1" units="second"/>
        <unit exponent="-1" units="mmHg"/>
    </units>
</model>
