<?xml version="1.0" encoding="UTF-8"?>
<omexManifest xmlns="http://identifiers.org/combine.specifications/omex-manifest">
  <content location="parameter_Ikr.cellml" format="http://identifiers.org/combine.specifications/cellml" master="false"/>
  <content location="Current_Ina.sedml" format="http://identifiers.org/combine.specifications/sed-ml" master="true"/>
  <content location="fig8.py" format="http://purl.org/NET/mediatypes/application/x-python-code" master="false"/>
  <content location="Figure02.png" format="http://purl.org/NET/mediatypes/image/png" master="false"/>
  <content location="Fig9.rst" format="http://purl.org/NET/mediatypes/text/plain" master="false"/>
  <content location="parameter_If.cellml" format="http://identifiers.org/combine.specifications/cellml" master="false"/>
  <content location="parameter_Ica.cellml" format="http://identifiers.org/combine.specifications/cellml" master="false"/>
  <content location="Fig5.rst" format="http://purl.org/NET/mediatypes/text/plain" master="false"/>
  <content location="Fig4.rst" format="http://purl.org/NET/mediatypes/text/plain" master="false"/>
  <content location="Figure09.png" format="http://purl.org/NET/mediatypes/image/png" master="false"/>
  <content location="gating_Ik1.cellml" format="http://identifiers.org/combine.specifications/cellml" master="false"/>
  <content location="Current_If.sedml" format="http://identifiers.org/combine.specifications/sed-ml" master="true"/>
  <content location="gating_Ica.cellml" format="http://identifiers.org/combine.specifications/cellml" master="false"/>
  <content location="Fig7.rst" format="http://purl.org/NET/mediatypes/text/plain" master="false"/>
  <content location="fig4.py" format="http://purl.org/NET/mediatypes/application/x-python-code" master="false"/>
  <content location="gating_Ina.cellml" format="http://identifiers.org/combine.specifications/cellml" master="false"/>
  <content location="Overview.rst" format="http://purl.org/NET/mediatypes/text/plain" master="false"/>
  <content location="Figure04.png" format="http://purl.org/NET/mediatypes/image/png" master="false"/>
  <content location="Current_Ina.cellml" format="http://identifiers.org/combine.specifications/cellml" master="false"/>
  <content location="Current_Ikr.cellml" format="http://identifiers.org/combine.specifications/cellml" master="false"/>
  <content location="Current_Ikr.sedml" format="http://identifiers.org/combine.specifications/sed-ml" master="true"/>
  <content location="parameter_Ito.cellml" format="http://identifiers.org/combine.specifications/cellml" master="false"/>
  <content location="parameter_Ik1.cellml" format="http://identifiers.org/combine.specifications/cellml" master="false"/>
  <content location="parameter_Iks.cellml" format="http://identifiers.org/combine.specifications/cellml" master="false"/>
  <content location="Current_Ica.cellml" format="http://identifiers.org/combine.specifications/cellml" master="false"/>
  <content location="fig3.py" format="http://purl.org/NET/mediatypes/application/x-python-code" master="false"/>
  <content location="gating_Ikr.cellml" format="http://identifiers.org/combine.specifications/cellml" master="false"/>
  <content location="Current_Iks.sedml" format="http://identifiers.org/combine.specifications/sed-ml" master="true"/>
  <content location="Channels.cellml" format="http://identifiers.org/combine.specifications/cellml" master="false"/>
  <content location="Figure06.png" format="http://purl.org/NET/mediatypes/image/png" master="false"/>
  <content location="Current_Iks.cellml" format="http://identifiers.org/combine.specifications/cellml" master="false"/>
  <content location="Current_Ito.cellml" format="http://identifiers.org/combine.specifications/cellml" master="false"/>
  <content location="fig10.py" format="http://purl.org/NET/mediatypes/application/x-python-code" master="false"/>
  <content location="Figure05.png" format="http://purl.org/NET/mediatypes/image/png" master="false"/>
  <content location="Channels.sedml" format="http://identifiers.org/combine.specifications/sed-ml" master="true"/>
  <content location="fig7.py" format="http://purl.org/NET/mediatypes/application/x-python-code" master="false"/>
  <content location="Figure08.png" format="http://purl.org/NET/mediatypes/image/png" master="false"/>
  <content location="Current_Ik1.cellml" format="http://identifiers.org/combine.specifications/cellml" master="false"/>
  <content location="gating_Ito.cellml" format="http://identifiers.org/combine.specifications/cellml" master="false"/>
  <content location="Figure10.png" format="http://purl.org/NET/mediatypes/image/png" master="false"/>
  <content location="unit.cellml" format="http://identifiers.org/combine.specifications/cellml" master="false"/>
  <content location="gating_Icat.cellml" format="http://identifiers.org/combine.specifications/cellml" master="false"/>
  <content location="Fig8.rst" format="http://purl.org/NET/mediatypes/text/plain" master="false"/>
  <content location="gating_Iks.cellml" format="http://identifiers.org/combine.specifications/cellml" master="false"/>
  <content location="Fig6.rst" format="http://purl.org/NET/mediatypes/text/plain" master="false"/>
  <content location="fig5.py" format="http://purl.org/NET/mediatypes/application/x-python-code" master="false"/>
  <content location="Fig3.rst" format="http://purl.org/NET/mediatypes/text/plain" master="false"/>
  <content location="parameter_Ina.cellml" format="http://identifiers.org/combine.specifications/cellml" master="false"/>
  <content location="Fig10.rst" format="http://purl.org/NET/mediatypes/text/plain" master="false"/>
  <content location="Figure07.png" format="http://purl.org/NET/mediatypes/image/png" master="false"/>
  <content location="Current_Ik1.sedml" format="http://identifiers.org/combine.specifications/sed-ml" master="true"/>
  <content location="Fig2.rst" format="http://purl.org/NET/mediatypes/text/plain" master="false"/>
  <content location="Current_Ica.sedml" format="http://identifiers.org/combine.specifications/sed-ml" master="true"/>
  <content location="Current_If.cellml" format="http://identifiers.org/combine.specifications/cellml" master="false"/>
  <content location="schematic-diagram.jpg" format="http://purl.org/NET/mediatypes/image/jpeg" master="false"/>
  <content location="gating_If.cellml" format="http://identifiers.org/combine.specifications/cellml" master="false"/>
  <content location="Figure03.png" format="http://purl.org/NET/mediatypes/image/png" master="false"/>
  <content location="fig2.py" format="http://purl.org/NET/mediatypes/application/x-python-code" master="false"/>
  <content location="fig9.py" format="http://purl.org/NET/mediatypes/application/x-python-code" master="false"/>
  <content location="parameter.cellml" format="http://identifiers.org/combine.specifications/cellml" master="false"/>
  <content location="Current_Ito.sedml" format="http://identifiers.org/combine.specifications/sed-ml" master="true"/>
  <content location="fig6.py" format="http://purl.org/NET/mediatypes/application/x-python-code" master="false"/>
  <content location="metadata.rdf" format="http://identifiers.org/combine.specifications/omex-metadata" master="false"/>
</omexManifest>
