<?xml version="1.0" encoding="UTF-8"?>
<omexManifest xmlns="http://identifiers.org/combine.specifications/omex-manifest">
  <content location="cellLib/Protocols/Patch_clamp_protocol.cellml" format="http://identifiers.org/combine.specifications/cellml" master="false"/>
  <content location="cellLib/Protocols/periodic-IStim-protocol.cellml" format="http://identifiers.org/combine.specifications/cellml" master="false"/>
  <content location="cellLib/Protocols/Voltage_ramp_protocol.cellml" format="http://identifiers.org/combine.specifications/cellml" master="false"/>
  <content location="cellLib/Components/E_Nernst.cellml" format="http://identifiers.org/combine.specifications/cellml" master="false"/>
  <content location="cellLib/Components/Ionic_currents.cellml" format="http://identifiers.org/combine.specifications/cellml" master="false"/>
  <content location="cellLib/Components/gating-variable.cellml" format="http://identifiers.org/combine.specifications/cellml" master="false"/>
  <content location="cellLib/Components/time.cellml" format="http://identifiers.org/combine.specifications/cellml" master="false"/>
  <content location="cellLib/Components/Nernst_potential.cellml" format="http://identifiers.org/combine.specifications/cellml" master="false"/>
  <content location="cellLib/Components/gate_steady.cellml" format="http://identifiers.org/combine.specifications/cellml" master="false"/>
  <content location="cellLib/Components/Hillfcn.cellml" format="http://identifiers.org/combine.specifications/cellml" master="false"/>
  <content location="cellLib/Components/CB4HM.cellml" format="http://identifiers.org/combine.specifications/cellml" master="false"/>
  <content location="cellLib/Components/phiT.cellml" format="http://identifiers.org/combine.specifications/cellml" master="false"/>
  <content location="cellLib/Components/Xi.cellml" format="http://identifiers.org/combine.specifications/cellml" master="false"/>
  <content location="cellLib/Components/gating_kinetics.cellml" format="http://identifiers.org/combine.specifications/cellml" master="false"/>
  <content location="cellLib/Components/units.cellml" format="http://identifiers.org/combine.specifications/cellml" master="false"/>
  <content location="Simulation/simFig12.png" format="http://purl.org/NET/mediatypes/image/png" master="false"/>
  <content location="Simulation/simFig10.png" format="http://purl.org/NET/mediatypes/image/png" master="false"/>
  <content location="Simulation/simFig4.png" format="http://purl.org/NET/mediatypes/image/png" master="false"/>
  <content location="Simulation/simFig7.png" format="http://purl.org/NET/mediatypes/image/png" master="false"/>
  <content location="Simulation/simFig6.png" format="http://purl.org/NET/mediatypes/image/png" master="false"/>
  <content location="Simulation/simFig11.png" format="http://purl.org/NET/mediatypes/image/png" master="false"/>
  <content location="Simulation/table1.png" format="http://purl.org/NET/mediatypes/image/png" master="false"/>
  <content location="Simulation/Cai_experiment2.sedml" format="http://identifiers.org/combine.specifications/sed-ml" master="true"/>
  <content location="Simulation/Vm_stim_experiment.sedml" format="http://identifiers.org/combine.specifications/sed-ml" master="true"/>
  <content location="Simulation/simFig2.png" format="http://purl.org/NET/mediatypes/image/png" master="false"/>
  <content location="Simulation/simFig3.png" format="http://purl.org/NET/mediatypes/image/png" master="false"/>
  <content location="Simulation/Nai_experiment.sedml" format="http://identifiers.org/combine.specifications/sed-ml" master="true"/>
  <content location="Simulation/table3.png" format="http://purl.org/NET/mediatypes/image/png" master="false"/>
  <content location="Simulation/simFig8.png" format="http://purl.org/NET/mediatypes/image/png" master="false"/>
  <content location="Simulation/Multi_stim_experiment.sedml" format="http://identifiers.org/combine.specifications/sed-ml" master="true"/>
  <content location="Simulation/simFig9.png" format="http://purl.org/NET/mediatypes/image/png" master="false"/>
  <content location="Simulation/Cai_experiment1.sedml" format="http://identifiers.org/combine.specifications/sed-ml" master="true"/>
  <content location="Simulation/simFig5.png" format="http://purl.org/NET/mediatypes/image/png" master="false"/>
  <content location="Simulation/Single_stim_experiment.sedml" format="http://identifiers.org/combine.specifications/sed-ml" master="true"/>
  <content location="Simulation/table2.png" format="http://purl.org/NET/mediatypes/image/png" master="false"/>
  <content location="Simulation/Vramp_experiment.sedml" format="http://identifiers.org/combine.specifications/sed-ml" master="true"/>
  <content location="Simulation/originalData/fig8A3.csv" format="http://purl.org/NET/mediatypes/text/csv" master="false"/>
  <content location="Simulation/originalData/fig5AJ_NaCa.csv" format="http://purl.org/NET/mediatypes/text/csv" master="false"/>
  <content location="Simulation/originalData/fig7B3.csv" format="http://purl.org/NET/mediatypes/text/csv" master="false"/>
  <content location="Simulation/originalData/fig6.csv" format="http://purl.org/NET/mediatypes/text/csv" master="false"/>
  <content location="Simulation/originalData/fig11A1.csv" format="http://purl.org/NET/mediatypes/text/csv" master="false"/>
  <content location="Simulation/originalData/fig3C.dig" format="http://purl.org/NET/mediatypes/application/octet-stream" master="false"/>
  <content location="Simulation/originalData/fig7A3.dig" format="http://purl.org/NET/mediatypes/application/octet-stream" master="false"/>
  <content location="Simulation/originalData/fig9A.csv" format="http://purl.org/NET/mediatypes/text/csv" master="false"/>
  <content location="Simulation/originalData/fig7A2.dig" format="http://purl.org/NET/mediatypes/application/octet-stream" master="false"/>
  <content location="Simulation/originalData/fig11B1.csv" format="http://purl.org/NET/mediatypes/text/csv" master="false"/>
  <content location="Simulation/originalData/fig8B1.dig" format="http://purl.org/NET/mediatypes/application/octet-stream" master="false"/>
  <content location="Simulation/originalData/fig4B.csv" format="http://purl.org/NET/mediatypes/text/csv" master="false"/>
  <content location="Simulation/originalData/fig8A5.dig" format="http://purl.org/NET/mediatypes/application/octet-stream" master="false"/>
  <content location="Simulation/originalData/fig10B.csv" format="http://purl.org/NET/mediatypes/text/csv" master="false"/>
  <content location="Simulation/originalData/fig11A2.dig" format="http://purl.org/NET/mediatypes/application/octet-stream" master="false"/>
  <content location="Simulation/originalData/fig7A3.csv" format="http://purl.org/NET/mediatypes/text/csv" master="false"/>
  <content location="Simulation/originalData/fig9B.csv" format="http://purl.org/NET/mediatypes/text/csv" master="false"/>
  <content location="Simulation/originalData/fig4A.csv" format="http://purl.org/NET/mediatypes/text/csv" master="false"/>
  <content location="Simulation/originalData/fig10.jpeg" format="http://purl.org/NET/mediatypes/image/jpeg" master="false"/>
  <content location="Simulation/originalData/fig5BJ_NaCa.dig" format="http://purl.org/NET/mediatypes/application/octet-stream" master="false"/>
  <content location="Simulation/originalData/fig8A2.csv" format="http://purl.org/NET/mediatypes/text/csv" master="false"/>
  <content location="Simulation/originalData/fig2A.csv" format="http://purl.org/NET/mediatypes/text/csv" master="false"/>
  <content location="Simulation/originalData/fig9C.csv" format="http://purl.org/NET/mediatypes/text/csv" master="false"/>
  <content location="Simulation/originalData/fig10A.dig" format="http://purl.org/NET/mediatypes/application/octet-stream" master="false"/>
  <content location="Simulation/originalData/fig12B.dig" format="http://purl.org/NET/mediatypes/application/octet-stream" master="false"/>
  <content location="Simulation/originalData/fig11A1.dig" format="http://purl.org/NET/mediatypes/application/octet-stream" master="false"/>
  <content location="Simulation/originalData/fig2B.dig" format="http://purl.org/NET/mediatypes/application/octet-stream" master="false"/>
  <content location="Simulation/originalData/fig2B.csv" format="http://purl.org/NET/mediatypes/text/csv" master="false"/>
  <content location="Simulation/originalData/fig5AJ_CaPump.dig" format="http://purl.org/NET/mediatypes/application/octet-stream" master="false"/>
  <content location="Simulation/originalData/fig8A1.csv" format="http://purl.org/NET/mediatypes/text/csv" master="false"/>
  <content location="Simulation/originalData/fig7A1.dig" format="http://purl.org/NET/mediatypes/application/octet-stream" master="false"/>
  <content location="Simulation/originalData/fig8A4.csv" format="http://purl.org/NET/mediatypes/text/csv" master="false"/>
  <content location="Simulation/originalData/fig11A2.csv" format="http://purl.org/NET/mediatypes/text/csv" master="false"/>
  <content location="Simulation/originalData/fig3C.csv" format="http://purl.org/NET/mediatypes/text/csv" master="false"/>
  <content location="Simulation/originalData/fig7B1.csv" format="http://purl.org/NET/mediatypes/text/csv" master="false"/>
  <content location="Simulation/originalData/fig12C.csv" format="http://purl.org/NET/mediatypes/text/csv" master="false"/>
  <content location="Simulation/originalData/fig8B3.csv" format="http://purl.org/NET/mediatypes/text/csv" master="false"/>
  <content location="Simulation/originalData/fig5.jpeg" format="http://purl.org/NET/mediatypes/image/jpeg" master="false"/>
  <content location="Simulation/originalData/fig3A.csv" format="http://purl.org/NET/mediatypes/text/csv" master="false"/>
  <content location="Simulation/originalData/fig2A.dig" format="http://purl.org/NET/mediatypes/application/octet-stream" master="false"/>
  <content location="Simulation/originalData/fig8A3.dig" format="http://purl.org/NET/mediatypes/application/octet-stream" master="false"/>
  <content location="Simulation/originalData/fig6.dig" format="http://purl.org/NET/mediatypes/application/octet-stream" master="false"/>
  <content location="Simulation/originalData/fig7A1.csv" format="http://purl.org/NET/mediatypes/text/csv" master="false"/>
  <content location="Simulation/originalData/fig5BJ_CaPump.csv" format="http://purl.org/NET/mediatypes/text/csv" master="false"/>
  <content location="Simulation/originalData/fig3B.dig" format="http://purl.org/NET/mediatypes/application/octet-stream" master="false"/>
  <content location="Simulation/originalData/fig7B2.csv" format="http://purl.org/NET/mediatypes/text/csv" master="false"/>
  <content location="Simulation/originalData/fig7A2.csv" format="http://purl.org/NET/mediatypes/text/csv" master="false"/>
  <content location="Simulation/originalData/fig4B.dig" format="http://purl.org/NET/mediatypes/application/octet-stream" master="false"/>
  <content location="Simulation/originalData/fig7B3.dig" format="http://purl.org/NET/mediatypes/application/octet-stream" master="false"/>
  <content location="Simulation/originalData/fig10B.dig" format="http://purl.org/NET/mediatypes/application/octet-stream" master="false"/>
  <content location="Simulation/originalData/fig8B2.dig" format="http://purl.org/NET/mediatypes/application/octet-stream" master="false"/>
  <content location="Simulation/originalData/fig12A.csv" format="http://purl.org/NET/mediatypes/text/csv" master="false"/>
  <content location="Simulation/originalData/fig5AJ_NaCa.dig" format="http://purl.org/NET/mediatypes/application/octet-stream" master="false"/>
  <content location="Simulation/originalData/fig5BJ_VOCC.dig" format="http://purl.org/NET/mediatypes/application/octet-stream" master="false"/>
  <content location="Simulation/originalData/fig9.jpeg" format="http://purl.org/NET/mediatypes/image/jpeg" master="false"/>
  <content location="Simulation/originalData/fig3A.dig" format="http://purl.org/NET/mediatypes/application/octet-stream" master="false"/>
  <content location="Simulation/originalData/fig8B2.csv" format="http://purl.org/NET/mediatypes/text/csv" master="false"/>
  <content location="Simulation/originalData/fig5BJ_VOCC.csv" format="http://purl.org/NET/mediatypes/text/csv" master="false"/>
  <content location="Simulation/originalData/fig2.jpeg" format="http://purl.org/NET/mediatypes/image/jpeg" master="false"/>
  <content location="Simulation/originalData/fig10A.csv" format="http://purl.org/NET/mediatypes/text/csv" master="false"/>
  <content location="Simulation/originalData/fig11B2.csv" format="http://purl.org/NET/mediatypes/text/csv" master="false"/>
  <content location="Simulation/originalData/fig7B2.dig" format="http://purl.org/NET/mediatypes/application/octet-stream" master="false"/>
  <content location="Simulation/originalData/fig8.jpeg" format="http://purl.org/NET/mediatypes/image/jpeg" master="false"/>
  <content location="Simulation/originalData/fig9C.dig" format="http://purl.org/NET/mediatypes/application/octet-stream" master="false"/>
  <content location="Simulation/originalData/fig12A.dig" format="http://purl.org/NET/mediatypes/application/octet-stream" master="false"/>
  <content location="Simulation/originalData/fig7B1.dig" format="http://purl.org/NET/mediatypes/application/octet-stream" master="false"/>
  <content location="Simulation/originalData/fig4.jpeg" format="http://purl.org/NET/mediatypes/image/jpeg" master="false"/>
  <content location="Simulation/originalData/fig3.jpeg" format="http://purl.org/NET/mediatypes/image/jpeg" master="false"/>
  <content location="Simulation/originalData/fig12C.dig" format="http://purl.org/NET/mediatypes/application/octet-stream" master="false"/>
  <content location="Simulation/originalData/fig6.jpeg" format="http://purl.org/NET/mediatypes/image/jpeg" master="false"/>
  <content location="Simulation/originalData/fig12.jpeg" format="http://purl.org/NET/mediatypes/image/jpeg" master="false"/>
  <content location="Simulation/originalData/fig8B1.csv" format="http://purl.org/NET/mediatypes/text/csv" master="false"/>
  <content location="Simulation/originalData/fig8A2.dig" format="http://purl.org/NET/mediatypes/application/octet-stream" master="false"/>
  <content location="Simulation/originalData/fig3B.csv" format="http://purl.org/NET/mediatypes/text/csv" master="false"/>
  <content location="Simulation/originalData/fig5AJ_CaPump.csv" format="http://purl.org/NET/mediatypes/text/csv" master="false"/>
  <content location="Simulation/originalData/fig9B.dig" format="http://purl.org/NET/mediatypes/application/octet-stream" master="false"/>
  <content location="Simulation/originalData/fig9A.dig" format="http://purl.org/NET/mediatypes/application/octet-stream" master="false"/>
  <content location="Simulation/originalData/fig11.jpeg" format="http://purl.org/NET/mediatypes/image/jpeg" master="false"/>
  <content location="Simulation/originalData/fig5BJ_CaPump.dig" format="http://purl.org/NET/mediatypes/application/octet-stream" master="false"/>
  <content location="Simulation/originalData/fig12B.csv" format="http://purl.org/NET/mediatypes/text/csv" master="false"/>
  <content location="Simulation/originalData/fig11B2.dig" format="http://purl.org/NET/mediatypes/application/octet-stream" master="false"/>
  <content location="Simulation/originalData/fig7.jpeg" format="http://purl.org/NET/mediatypes/image/jpeg" master="false"/>
  <content location="Simulation/originalData/fig5BJ_NaCa.csv" format="http://purl.org/NET/mediatypes/text/csv" master="false"/>
  <content location="Simulation/originalData/fig8B3.dig" format="http://purl.org/NET/mediatypes/application/octet-stream" master="false"/>
  <content location="Simulation/originalData/fig8A4.dig" format="http://purl.org/NET/mediatypes/application/octet-stream" master="false"/>
  <content location="Simulation/originalData/fig11B1.dig" format="http://purl.org/NET/mediatypes/application/octet-stream" master="false"/>
  <content location="Simulation/originalData/fig8A5.csv" format="http://purl.org/NET/mediatypes/text/csv" master="false"/>
  <content location="Simulation/originalData/fig4A.dig" format="http://purl.org/NET/mediatypes/application/octet-stream" master="false"/>
  <content location="Simulation/originalData/fig8A1.dig" format="http://purl.org/NET/mediatypes/application/octet-stream" master="false"/>
  <content location="Simulation/src/Fig8_plot.py" format="http://purl.org/NET/mediatypes/application/x-python-code" master="false"/>
  <content location="Simulation/src/Fig11A_sim.py" format="http://purl.org/NET/mediatypes/application/x-python-code" master="false"/>
  <content location="Simulation/src/Fig2_sim.py" format="http://purl.org/NET/mediatypes/application/x-python-code" master="false"/>
  <content location="Simulation/src/Fig8A_sim.py" format="http://purl.org/NET/mediatypes/application/x-python-code" master="false"/>
  <content location="Simulation/src/Fig5_plot.py" format="http://purl.org/NET/mediatypes/application/x-python-code" master="false"/>
  <content location="Simulation/src/Fig10_plot.py" format="http://purl.org/NET/mediatypes/application/x-python-code" master="false"/>
  <content location="Simulation/src/Fig12_sim.py" format="http://purl.org/NET/mediatypes/application/x-python-code" master="false"/>
  <content location="Simulation/src/Fig7B_sim.py" format="http://purl.org/NET/mediatypes/application/x-python-code" master="false"/>
  <content location="Simulation/src/Fig11_plot.py" format="http://purl.org/NET/mediatypes/application/x-python-code" master="false"/>
  <content location="Simulation/src/Fig7A_sim.py" format="http://purl.org/NET/mediatypes/application/x-python-code" master="false"/>
  <content location="Simulation/src/Fig7_plot.py" format="http://purl.org/NET/mediatypes/application/x-python-code" master="false"/>
  <content location="Simulation/src/Fig9_sim.py" format="http://purl.org/NET/mediatypes/application/x-python-code" master="false"/>
  <content location="Simulation/src/Fig10_sim.py" format="http://purl.org/NET/mediatypes/application/x-python-code" master="false"/>
  <content location="Simulation/src/Fig4_plot.py" format="http://purl.org/NET/mediatypes/application/x-python-code" master="false"/>
  <content location="Simulation/src/Fig5_sim.py" format="http://purl.org/NET/mediatypes/application/x-python-code" master="false"/>
  <content location="Simulation/src/Fig9_plot.py" format="http://purl.org/NET/mediatypes/application/x-python-code" master="false"/>
  <content location="Simulation/src/Fig11B_sim.py" format="http://purl.org/NET/mediatypes/application/x-python-code" master="false"/>
  <content location="Simulation/src/Fig6_plot.py" format="http://purl.org/NET/mediatypes/application/x-python-code" master="false"/>
  <content location="Simulation/src/Fig8B_sim.py" format="http://purl.org/NET/mediatypes/application/x-python-code" master="false"/>
  <content location="Simulation/src/Fig12_plot.py" format="http://purl.org/NET/mediatypes/application/x-python-code" master="false"/>
  <content location="Simulation/src/Fig3_plot.py" format="http://purl.org/NET/mediatypes/application/x-python-code" master="false"/>
  <content location="Simulation/src/Fig4_sim.py" format="http://purl.org/NET/mediatypes/application/x-python-code" master="false"/>
  <content location="Simulation/src/Fig3_sim.py" format="http://purl.org/NET/mediatypes/application/x-python-code" master="false"/>
  <content location="Simulation/src/Fig6_sim.py" format="http://purl.org/NET/mediatypes/application/x-python-code" master="false"/>
  <content location="Simulation/src/Fig2_plot.py" format="http://purl.org/NET/mediatypes/application/x-python-code" master="false"/>
  <content location="Experiments/Multi_stim_experiment.cellml" format="http://identifiers.org/combine.specifications/cellml" master="false"/>
  <content location="Experiments/Cai_experiment1.cellml" format="http://identifiers.org/combine.specifications/cellml" master="false"/>
  <content location="Experiments/Vm_stim_experiment.cellml" format="http://identifiers.org/combine.specifications/cellml" master="false"/>
  <content location="Experiments/Nai_experiment.cellml" format="http://identifiers.org/combine.specifications/cellml" master="false"/>
  <content location="Experiments/Single_stim_experiment.cellml" format="http://identifiers.org/combine.specifications/cellml" master="false"/>
  <content location="Experiments/Vramp_experiment.cellml" format="http://identifiers.org/combine.specifications/cellml" master="false"/>
  <content location="Experiments/Cai_experiment2.cellml" format="http://identifiers.org/combine.specifications/cellml" master="false"/>
  <content location="Doc/Single_stim_experiment.rst" format="http://purl.org/NET/mediatypes/text/plain" master="false"/>
  <content location="Doc/Vm_stim_experiment.rst" format="http://purl.org/NET/mediatypes/text/plain" master="false"/>
  <content location="Doc/Experiments.rst" format="http://purl.org/NET/mediatypes/text/plain" master="false"/>
  <content location="Doc/para.png" format="http://purl.org/NET/mediatypes/image/png" master="false"/>
  <content location="Doc/Vramp_experiment.rst" format="http://purl.org/NET/mediatypes/text/plain" master="false"/>
  <content location="Doc/Components.rst" format="http://purl.org/NET/mediatypes/text/plain" master="false"/>
  <content location="Doc/README.rst" format="http://purl.org/NET/mediatypes/text/plain" master="false"/>
  <content location="Doc/Multi_stim_experiment.rst" format="http://purl.org/NET/mediatypes/text/plain" master="false"/>
  <content location="Doc/Nai_experiment.rst" format="http://purl.org/NET/mediatypes/text/plain" master="false"/>
  <content location="Doc/model.png" format="http://purl.org/NET/mediatypes/image/png" master="false"/>
  <content location="Doc/Cai_experiment1.rst" format="http://purl.org/NET/mediatypes/text/plain" master="false"/>
  <content location="Components/EC_uSMC.cellml" format="http://identifiers.org/combine.specifications/cellml" master="false"/>
  <content location="Components/default_values.cellml" format="http://identifiers.org/combine.specifications/cellml" master="false"/>
  <content location="Components/Unit_uSMC.cellml" format="http://identifiers.org/combine.specifications/cellml" master="false"/>
  <content location="Components/J_Ca.cellml" format="http://identifiers.org/combine.specifications/cellml" master="false"/>
  <content location="metadata.rdf" format="http://identifiers.org/combine.specifications/omex-metadata" master="false"/>
</omexManifest>
