<?xml version="1.0" encoding="UTF-8"?>
<omexManifest xmlns="http://identifiers.org/combine.specifications/omex-manifest">
  <content location="Weinstein_1995_NHE3_Fig2.cellml" format="http://identifiers.org/combine.specifications/cellml" master="false"/>
  <content location="documentation-fig2.html" format="http://purl.org/NET/mediatypes/application/octet-stream" master="false"/>
  <content location="Weinstein_1995_NHE3-annotations.xml" format="http://purl.org/NET/mediatypes/application/xml" master="false"/>
  <content location="documentation-fig3b.html" format="http://purl.org/NET/mediatypes/application/octet-stream" master="false"/>
  <content location="documentation.html" format="http://purl.org/NET/mediatypes/application/octet-stream" master="false"/>
  <content location="documentation-model.html" format="http://purl.org/NET/mediatypes/application/octet-stream" master="false"/>
  <content location="Weinstein_1995_NHE3_Fig4A.sedml" format="http://identifiers.org/combine.specifications/sed-ml" master="true"/>
  <content location="Weinstein_1995_NHE3_Fig2.sedml" format="http://identifiers.org/combine.specifications/sed-ml" master="true"/>
  <content location="Weinstein_1995_NHE3.cellml" format="http://identifiers.org/combine.specifications/cellml" master="false"/>
  <content location="documentation-fig4a.html" format="http://purl.org/NET/mediatypes/application/octet-stream" master="false"/>
  <content location="Weinstein_1995_NHE3_Fig3A.sedml" format="http://identifiers.org/combine.specifications/sed-ml" master="true"/>
  <content location="documentation-fig3a.html" format="http://purl.org/NET/mediatypes/application/octet-stream" master="false"/>
  <content location="Weinstein_1995_NHE3_Fig3B.sedml" format="http://identifiers.org/combine.specifications/sed-ml" master="true"/>
  <content location="Weinstein_1995_NHE3_Fig3B.cellml" format="http://identifiers.org/combine.specifications/cellml" master="false"/>
  <content location="Weinstein_1995_NHE3_Fig4A.cellml" format="http://identifiers.org/combine.specifications/cellml" master="false"/>
  <content location="documentation-fig4b.html" format="http://purl.org/NET/mediatypes/application/octet-stream" master="false"/>
  <content location="Weinstein_1995_NHE3_Fig4B.cellml" format="http://identifiers.org/combine.specifications/cellml" master="false"/>
  <content location="Weinstein_1995_NHE3_Fig3A.cellml" format="http://identifiers.org/combine.specifications/cellml" master="false"/>
  <content location="Weinstein_1995_NHE3_Fig4B.sedml" format="http://identifiers.org/combine.specifications/sed-ml" master="true"/>
  <content location="screenshots/fig4a.png" format="http://purl.org/NET/mediatypes/image/png" master="false"/>
  <content location="screenshots/fig2.png" format="http://purl.org/NET/mediatypes/image/png" master="false"/>
  <content location="screenshots/NHE3.png" format="http://purl.org/NET/mediatypes/image/png" master="false"/>
  <content location="screenshots/fig4b.png" format="http://purl.org/NET/mediatypes/image/png" master="false"/>
  <content location="screenshots/fig3a.png" format="http://purl.org/NET/mediatypes/image/png" master="false"/>
  <content location="screenshots/diagram.svg" format="http://purl.org/NET/mediatypes/image/svg+xml" master="false"/>
  <content location="screenshots/weinstein_1995.png" format="http://purl.org/NET/mediatypes/image/png" master="false"/>
  <content location="screenshots/fig3b.png" format="http://purl.org/NET/mediatypes/image/png" master="false"/>
  <content location="screenshots/NHE3.svg" format="http://purl.org/NET/mediatypes/image/svg+xml" master="false"/>
  <content location="screenshots/weinstein_1995.svg" format="http://purl.org/NET/mediatypes/image/svg+xml" master="false"/>
  <content location="BG/NHE3_BG.sedml" format="http://identifiers.org/combine.specifications/sed-ml" master="true"/>
  <content location="BG/Parameters.cellml" format="http://identifiers.org/combine.specifications/cellml" master="false"/>
  <content location="BG/NHE3_BG.cellml" format="http://identifiers.org/combine.specifications/cellml" master="false"/>
  <content location="BG/Units.cellml" format="http://identifiers.org/combine.specifications/cellml" master="false"/>
  <content location="BG/StateDiagram.cellml" format="http://identifiers.org/combine.specifications/cellml" master="false"/>
  <content location="BG/NHE3-Nmatrix.csv" format="http://purl.org/NET/mediatypes/text/csv" master="false"/>
  <content location="Units/Units.cellml" format="http://identifiers.org/combine.specifications/cellml" master="false"/>
  <content location="metadata.rdf" format="http://identifiers.org/combine.specifications/omex-metadata" master="false"/>
</omexManifest>
