<?xml version="1.0" encoding="UTF-8"?>
<omexManifest xmlns="http://identifiers.org/combine.specifications/omex-manifest">
  <content location="sodium_ion_channel.sedml" format="http://identifiers.org/combine.specifications/sed-ml" master="true"/>
  <content location="sodium_ion_channel.cellml" format="http://identifiers.org/combine.specifications/cellml" master="false"/>
  <content location="sodium_ion_channel.rst" format="http://purl.org/NET/mediatypes/text/plain" master="false"/>
  <content location="opencor.png" format="http://purl.org/NET/mediatypes/image/png" master="false"/>
  <content location="results/plot-conductance.png" format="http://purl.org/NET/mediatypes/image/png" master="false"/>
  <content location="results/plot-current-voltage.png" format="http://purl.org/NET/mediatypes/image/png" master="false"/>
  <content location="results/plot-potential.png" format="http://purl.org/NET/mediatypes/image/png" master="false"/>
  <content location="results/plot-gates.png" format="http://purl.org/NET/mediatypes/image/png" master="false"/>
  <content location="results/plot-current.png" format="http://purl.org/NET/mediatypes/image/png" master="false"/>
  <content location="metadata.rdf" format="http://identifiers.org/combine.specifications/omex-metadata" master="false"/>
</omexManifest>
