<?xml version="1.0" encoding="UTF-8"?>
<omexManifest xmlns="http://identifiers.org/combine.specifications/omex-manifest">
  <content location="noble_1962.ai" format="http://purl.org/NET/mediatypes/application/octet-stream" master="false"/>
  <content location="hodgkin_1952.png" format="http://purl.org/NET/mediatypes/image/png" master="false"/>
  <content location="noble_1962.sedml" format="http://identifiers.org/combine.specifications/sed-ml" master="true"/>
  <content location="noble_1962.xul" format="http://purl.org/NET/mediatypes/application/octet-stream" master="false"/>
  <content location="noble_1962.session.xml" format="http://purl.org/NET/mediatypes/application/xml" master="false"/>
  <content location="noble_1962.svg" format="http://purl.org/NET/mediatypes/image/svg+xml" master="false"/>
  <content location="noble_1962.cellml" format="http://identifiers.org/combine.specifications/cellml" master="false"/>
  <content location="metadata.rdf" format="http://identifiers.org/combine.specifications/omex-metadata" master="false"/>
</omexManifest>
