<?xml version="1.0" encoding="UTF-8"?>
<omexManifest xmlns="http://identifiers.org/combine.specifications/omex-manifest">
  <content location="manifest.xml" format="http://purl.org/NET/mediatypes/application/xml" master="false"/>
  <content location="DiFrancesco_N_documentation.html" format="http://purl.org/NET/mediatypes/application/octet-stream" master="false"/>
  <content location="DiFrancesco_Noble_1985_sedml.omex" format="http://identifiers.org/combine.specifications/omex" master="false"/>
  <content location="plot.PNG" format="http://purl.org/NET/mediatypes/image/png" master="false"/>
  <content location="README.md" format="http://purl.org/NET/mediatypes/text/plain" master="false"/>
  <content location="DiFrancesco_Noble_1985.omex" format="http://identifiers.org/combine.specifications/omex" master="false"/>
  <content location="model/DiFrancesco_Noble_1985.cellml" format="http://identifiers.org/combine.specifications/cellml" master="false"/>
  <content location="model/DiFrancesco_Noble_1985_2.sedml" format="http://identifiers.org/combine.specifications/sed-ml" master="true"/>
  <content location="model/DiFrancesco_Noble_1985.rdf" format="http://purl.org/NET/mediatypes/application/xml" master="false"/>
  <content location="metadata.rdf" format="http://identifiers.org/combine.specifications/omex-metadata" master="false"/>
</omexManifest>
