<?xml version="1.0" encoding="UTF-8"?>
<omexManifest xmlns="http://identifiers.org/combine.specifications/omex-manifest">
  <content location="alexander_2010.session.xml" format="http://purl.org/NET/mediatypes/application/xml" master="false"/>
  <content location="alexander_2010_system2.cellml" format="http://identifiers.org/combine.specifications/cellml" master="false"/>
  <content location="alexander_2010_Fig2_System4.sedml" format="http://identifiers.org/combine.specifications/sed-ml" master="true"/>
  <content location="alexander_2010.png" format="http://purl.org/NET/mediatypes/image/png" master="false"/>
  <content location="alexander_2010_system3.cellml" format="http://identifiers.org/combine.specifications/cellml" master="false"/>
  <content location="alexander_2010_system4.cellml" format="http://identifiers.org/combine.specifications/cellml" master="false"/>
  <content location="alexander_2010.svg" format="http://purl.org/NET/mediatypes/image/svg+xml" master="false"/>
  <content location="alexander_2010.ai" format="http://purl.org/NET/mediatypes/application/octet-stream" master="false"/>
  <content location="alexander_2010_Fig2_System3.sedml" format="http://identifiers.org/combine.specifications/sed-ml" master="true"/>
  <content location="SED-ML Documentation - Shortcut.lnk" format="http://purl.org/NET/mediatypes/application/octet-stream" master="false"/>
  <content location="alexander_2010.xul" format="http://purl.org/NET/mediatypes/application/octet-stream" master="false"/>
  <content location="alexander_2010_Fig2_System1.sedml" format="http://identifiers.org/combine.specifications/sed-ml" master="true"/>
  <content location="alexander_2010.cellml" format="http://identifiers.org/combine.specifications/cellml" master="false"/>
  <content location="alexander_2010_Fig2_System2.sedml" format="http://identifiers.org/combine.specifications/sed-ml" master="true"/>
  <content location="metadata.rdf" format="http://identifiers.org/combine.specifications/omex-metadata" master="false"/>
</omexManifest>
