<?xml version="1.0" encoding="UTF-8"?>
<omexManifest xmlns="http://identifiers.org/combine.specifications/omex-manifest">
  <content location="goldbeter_1990.ai" format="http://purl.org/NET/mediatypes/application/octet-stream" master="false"/>
  <content location="goldbeter_1990_1.1.cellml" format="http://identifiers.org/combine.specifications/cellml" master="false"/>
  <content location="goldbeter_dupont_berridge_1990.cellml" format="http://identifiers.org/combine.specifications/cellml" master="false"/>
  <content location="goldbeter_dupont_berridge_1990_Fig2B.sedml" format="http://identifiers.org/combine.specifications/sed-ml" master="true"/>
  <content location="goldbeter_1990_units.cellml" format="http://identifiers.org/combine.specifications/cellml" master="false"/>
  <content location="goldbeter_1990.xul" format="http://purl.org/NET/mediatypes/application/octet-stream" master="false"/>
  <content location="goldbeter_1990.png" format="http://purl.org/NET/mediatypes/image/png" master="false"/>
  <content location="goldbeter_dupont_berridge_1990_Fig2A.sedml" format="http://identifiers.org/combine.specifications/sed-ml" master="true"/>
  <content location="goldbeter_1990.svg" format="http://purl.org/NET/mediatypes/image/svg+xml" master="false"/>
  <content location="goldbeter_dupont_berridge_1990_Fig4.sedml" format="http://identifiers.org/combine.specifications/sed-ml" master="true"/>
  <content location="goldbeter_dupont_berridge_1990.session.xml" format="http://purl.org/NET/mediatypes/application/xml" master="false"/>
  <content location="metadata.rdf" format="http://identifiers.org/combine.specifications/omex-metadata" master="false"/>
</omexManifest>
