<?xml version="1.0" encoding="UTF-8"?>
<omexManifest xmlns="http://identifiers.org/combine.specifications/omex-manifest">
  <content location="Varela_PV_2016.sedml" format="http://identifiers.org/combine.specifications/sed-ml" master="true"/>
  <content location="Varela_RA_2016.sedml" format="http://identifiers.org/combine.specifications/sed-ml" master="true"/>
  <content location="Varela_CanineAtrial_Model.m" format="http://purl.org/NET/mediatypes/text/x-matlab" master="false"/>
  <content location="Varela_RA_2016.cellml" format="http://identifiers.org/combine.specifications/cellml" master="false"/>
  <content location="PV.rst" format="http://purl.org/NET/mediatypes/text/plain" master="false"/>
  <content location="PV.png" format="http://purl.org/NET/mediatypes/image/png" master="false"/>
  <content location="README.rst" format="http://purl.org/NET/mediatypes/text/plain" master="false"/>
  <content location="Varela_CanineAtrial_Model.c" format="http://purl.org/NET/mediatypes/application/octet-stream" master="false"/>
  <content location="Varela_LA_2016.cellml" format="http://identifiers.org/combine.specifications/cellml" master="false"/>
  <content location="Varela_LA_2016.sedml" format="http://identifiers.org/combine.specifications/sed-ml" master="true"/>
  <content location="LA.rst" format="http://purl.org/NET/mediatypes/text/plain" master="false"/>
  <content location="RA.png" format="http://purl.org/NET/mediatypes/image/png" master="false"/>
  <content location="RA.rst" format="http://purl.org/NET/mediatypes/text/plain" master="false"/>
  <content location="Varela_PV_2016.cellml" format="http://identifiers.org/combine.specifications/cellml" master="false"/>
  <content location="LA.png" format="http://purl.org/NET/mediatypes/image/png" master="false"/>
  <content location="metadata.rdf" format="http://identifiers.org/combine.specifications/omex-metadata" master="false"/>
</omexManifest>
