<?xml version="1.0" encoding="UTF-8"?>
<omexManifest xmlns="http://identifiers.org/combine.specifications/omex-manifest">
  <content location="goldbeter_guilmot_1995.cellml" format="http://identifiers.org/combine.specifications/cellml" master="false"/>
  <content location="goldbeter_guilmot_1995.svg" format="http://purl.org/NET/mediatypes/image/svg+xml" master="false"/>
  <content location="goldbeter_guilmot_1995.xul" format="http://purl.org/NET/mediatypes/application/octet-stream" master="false"/>
  <content location="goldbeter_guilmot_1995.session.xml" format="http://purl.org/NET/mediatypes/application/xml" master="false"/>
  <content location="goldbeter_guilmot_1995_Fig2.sedml" format="http://identifiers.org/combine.specifications/sed-ml" master="true"/>
  <content location="goldbeter_guilmot_1995.png" format="http://purl.org/NET/mediatypes/image/png" master="false"/>
  <content location="goldbeter_guilmot_1995.ai" format="http://purl.org/NET/mediatypes/application/octet-stream" master="false"/>
  <content location="goldbeter_guilmot_1995.html" format="http://purl.org/NET/mediatypes/application/octet-stream" master="false"/>
  <content location="metadata.rdf" format="http://identifiers.org/combine.specifications/omex-metadata" master="false"/>
</omexManifest>
