<?xml version="1.0" encoding="UTF-8"?>
<omexManifest xmlns="http://identifiers.org/combine.specifications/omex-manifest">
  <content location="Fig3C.py" format="http://purl.org/NET/mediatypes/application/x-python-code" master="false"/>
  <content location="Figure3C.png" format="http://purl.org/NET/mediatypes/image/png" master="false"/>
  <content location="Figure3D.png" format="http://purl.org/NET/mediatypes/image/png" master="false"/>
  <content location="Fig3D.py" format="http://purl.org/NET/mediatypes/application/x-python-code" master="false"/>
  <content location="AE1-BG.cellml" format="http://identifiers.org/combine.specifications/cellml" master="false"/>
  <content location="Parameters.cellml" format="http://identifiers.org/combine.specifications/cellml" master="false"/>
  <content location="AE1-BG.sedml" format="http://identifiers.org/combine.specifications/sed-ml" master="true"/>
  <content location="Units.cellml" format="http://identifiers.org/combine.specifications/cellml" master="false"/>
  <content location="Figure3B.png" format="http://purl.org/NET/mediatypes/image/png" master="false"/>
  <content location="Weinstein_2000_AE1.cellml" format="http://identifiers.org/combine.specifications/cellml" master="false"/>
  <content location="AE1.docx" format="http://purl.org/NET/mediatypes/application/octet-stream" master="false"/>
  <content location="Unit.cellml" format="http://identifiers.org/combine.specifications/cellml" master="false"/>
  <content location="Figure3A.png" format="http://purl.org/NET/mediatypes/image/png" master="false"/>
  <content location="inverse03.py" format="http://purl.org/NET/mediatypes/application/x-python-code" master="false"/>
  <content location="AE1-BG.rst" format="http://purl.org/NET/mediatypes/text/plain" master="false"/>
  <content location="Weinstein_2000_AE1_Fig3.sedml" format="http://identifiers.org/combine.specifications/sed-ml" master="true"/>
  <content location="schematic-diagram.PNG" format="http://purl.org/NET/mediatypes/image/png" master="false"/>
  <content location="Fig3B.py" format="http://purl.org/NET/mediatypes/application/x-python-code" master="false"/>
  <content location="Weinstein_2000_AE1_Fig3.cellml" format="http://identifiers.org/combine.specifications/cellml" master="false"/>
  <content location="Fig3A.py" format="http://purl.org/NET/mediatypes/application/x-python-code" master="false"/>
  <content location="metadata.rdf" format="http://identifiers.org/combine.specifications/omex-metadata" master="false"/>
</omexManifest>
