<?xml version="1.0" encoding="UTF-8"?>
<omexManifest xmlns="http://identifiers.org/combine.specifications/omex-manifest">
  <content location="aslanidi_2009.xul" format="http://purl.org/NET/mediatypes/application/octet-stream" master="false"/>
  <content location="aslanidi_2009.session.xml" format="http://purl.org/NET/mediatypes/application/xml" master="false"/>
  <content location="aslanidi_2009.png" format="http://purl.org/NET/mediatypes/image/png" master="false"/>
  <content location="aslanidi_2009.cellml" format="http://identifiers.org/combine.specifications/cellml" master="false"/>
  <content location="aslanidi_2009c.svg" format="http://purl.org/NET/mediatypes/image/svg+xml" master="false"/>
  <content location="aslanidi_2009.svg" format="http://purl.org/NET/mediatypes/image/svg+xml" master="false"/>
  <content location="aslanidi_2009_Fig8.sedml" format="http://identifiers.org/combine.specifications/sed-ml" master="true"/>
  <content location="aslanidi_2009.ai" format="http://purl.org/NET/mediatypes/application/octet-stream" master="false"/>
  <content location="aslanidi_2009_alternative_pic.png" format="http://purl.org/NET/mediatypes/image/png" master="false"/>
  <content location="aslanidi_2009c.ai" format="http://purl.org/NET/mediatypes/application/octet-stream" master="false"/>
  <content location="aslanidi_2009c.png" format="http://purl.org/NET/mediatypes/image/png" master="false"/>
  <content location="metadata.rdf" format="http://identifiers.org/combine.specifications/omex-metadata" master="false"/>
</omexManifest>
