<?xml version="1.0" encoding="UTF-8"?>
<omexManifest xmlns="http://identifiers.org/combine.specifications/omex-manifest">
  <content location="documentation-fig2e.html" format="http://purl.org/NET/mediatypes/application/octet-stream" master="false"/>
  <content location="documentation-fig3b.html" format="http://purl.org/NET/mediatypes/application/octet-stream" master="false"/>
  <content location="documentation-fig3c.html" format="http://purl.org/NET/mediatypes/application/octet-stream" master="false"/>
  <content location="Weinstein_2000_AE1.cellml" format="http://identifiers.org/combine.specifications/cellml" master="false"/>
  <content location="documentation.html" format="http://purl.org/NET/mediatypes/application/octet-stream" master="false"/>
  <content location="documentation-model.html" format="http://purl.org/NET/mediatypes/application/octet-stream" master="false"/>
  <content location="Weinstein_2000_AE1_Fig3A.sedml" format="http://identifiers.org/combine.specifications/sed-ml" master="true"/>
  <content location="Weinstein_2000_AE1_Fig2D.sedml" format="http://identifiers.org/combine.specifications/sed-ml" master="true"/>
  <content location="Weinstein_2000_AE1_Fig2B.cellml" format="http://identifiers.org/combine.specifications/cellml" master="false"/>
  <content location="documentation-fig3d.html" format="http://purl.org/NET/mediatypes/application/octet-stream" master="false"/>
  <content location="documentation-fig2f.html" format="http://purl.org/NET/mediatypes/application/octet-stream" master="false"/>
  <content location="documentation-fig3a.html" format="http://purl.org/NET/mediatypes/application/octet-stream" master="false"/>
  <content location="Weinstein_2000_AE1_Fig2A.cellml" format="http://identifiers.org/combine.specifications/cellml" master="false"/>
  <content location="Weinstein_2000_AE1_Fig2D.cellml" format="http://identifiers.org/combine.specifications/cellml" master="false"/>
  <content location="documentation-fig2d.html" format="http://purl.org/NET/mediatypes/application/octet-stream" master="false"/>
  <content location="Weinstein_2000_AE1_Fig3B.sedml" format="http://identifiers.org/combine.specifications/sed-ml" master="true"/>
  <content location="Weinstein_2000_AE1_Fig2F.cellml" format="http://identifiers.org/combine.specifications/cellml" master="false"/>
  <content location="Weinstein_2000_AE1_Fig2C.cellml" format="http://identifiers.org/combine.specifications/cellml" master="false"/>
  <content location="Weinstein_2000_AE1_Fig2A.sedml" format="http://identifiers.org/combine.specifications/sed-ml" master="true"/>
  <content location="Weinstein_2000_AE1_Fig3D.sedml" format="http://identifiers.org/combine.specifications/sed-ml" master="true"/>
  <content location="Weinstein_2000_AE1_Fig2E.sedml" format="http://identifiers.org/combine.specifications/sed-ml" master="true"/>
  <content location="Weinstein_2000_AE1_Fig2F.sedml" format="http://identifiers.org/combine.specifications/sed-ml" master="true"/>
  <content location="Weinstein_2000_AE1_Fig3B.cellml" format="http://identifiers.org/combine.specifications/cellml" master="false"/>
  <content location="Weinstein_2000_AE1_Fig3A.cellml" format="http://identifiers.org/combine.specifications/cellml" master="false"/>
  <content location="documentation-fig2b.html" format="http://purl.org/NET/mediatypes/application/octet-stream" master="false"/>
  <content location="Weinstein_2000_AE1_Fig3D.cellml" format="http://identifiers.org/combine.specifications/cellml" master="false"/>
  <content location="documentation-fig2c.html" format="http://purl.org/NET/mediatypes/application/octet-stream" master="false"/>
  <content location="Weinstein_2000_AE1_Fig3C.sedml" format="http://identifiers.org/combine.specifications/sed-ml" master="true"/>
  <content location="Weinstein_2000_AE1_Fig2E.cellml" format="http://identifiers.org/combine.specifications/cellml" master="false"/>
  <content location="documentation-fig2a.html" format="http://purl.org/NET/mediatypes/application/octet-stream" master="false"/>
  <content location="Weinstein_2000_AE1_Fig2C.sedml" format="http://identifiers.org/combine.specifications/sed-ml" master="true"/>
  <content location="Weinstein_2000_AE1_Fig2B.sedml" format="http://identifiers.org/combine.specifications/sed-ml" master="true"/>
  <content location="Weinstein_2000_AE1_Fig3C.cellml" format="http://identifiers.org/combine.specifications/cellml" master="false"/>
  <content location="screenshots/fig3a.png" format="http://purl.org/NET/mediatypes/image/png" master="false"/>
  <content location="screenshots/diagram.svg" format="http://purl.org/NET/mediatypes/image/svg+xml" master="false"/>
  <content location="screenshots/weinstein_2000.svg" format="http://purl.org/NET/mediatypes/image/svg+xml" master="false"/>
  <content location="screenshots/fig2e.png" format="http://purl.org/NET/mediatypes/image/png" master="false"/>
  <content location="screenshots/weinstein_2000.png" format="http://purl.org/NET/mediatypes/image/png" master="false"/>
  <content location="screenshots/fig2f.png" format="http://purl.org/NET/mediatypes/image/png" master="false"/>
  <content location="screenshots/fig3c.png" format="http://purl.org/NET/mediatypes/image/png" master="false"/>
  <content location="screenshots/fig3b.png" format="http://purl.org/NET/mediatypes/image/png" master="false"/>
  <content location="screenshots/fig2b.png" format="http://purl.org/NET/mediatypes/image/png" master="false"/>
  <content location="screenshots/fig2a.png" format="http://purl.org/NET/mediatypes/image/png" master="false"/>
  <content location="screenshots/fig2d.png" format="http://purl.org/NET/mediatypes/image/png" master="false"/>
  <content location="screenshots/fig3d.png" format="http://purl.org/NET/mediatypes/image/png" master="false"/>
  <content location="screenshots/fig2c.png" format="http://purl.org/NET/mediatypes/image/png" master="false"/>
  <content location="Units/Units.cellml" format="http://identifiers.org/combine.specifications/cellml" master="false"/>
  <content location="metadata.rdf" format="http://identifiers.org/combine.specifications/omex-metadata" master="false"/>
</omexManifest>
