<?xml version="1.0" encoding="UTF-8"?>
<omexManifest xmlns="http://identifiers.org/combine.specifications/omex-manifest">
  <content location="BG_LRGbinding.cellml" format="http://identifiers.org/combine.specifications/cellml" master="false"/>
  <content location="find_BG_parameters.py" format="http://purl.org/NET/mediatypes/application/x-python-code" master="false"/>
  <content location="saucerman_b1_AR_kinetic.cellml" format="http://identifiers.org/combine.specifications/cellml" master="false"/>
  <content location="saucerman_b1_AR_kinetic.sedml" format="http://identifiers.org/combine.specifications/sed-ml" master="true"/>
  <content location="BG_B1AR.sedml" format="http://identifiers.org/combine.specifications/sed-ml" master="true"/>
  <content location="BG_B1AR.cellml" format="http://identifiers.org/combine.specifications/cellml" master="false"/>
  <content location="parameter_finder/find_BG_parameters.py" format="http://purl.org/NET/mediatypes/application/x-python-code" master="false"/>
  <content location="parameter_finder/kinetic_parameters_B1AR.py" format="http://purl.org/NET/mediatypes/application/x-python-code" master="false"/>
  <content location="parameter_finder/data/stoichiometric_matrix_b1AR.xlsx" format="http://purl.org/NET/mediatypes/application/vnd.openxmlformats-officedocument.spreadsheetml.sheet" master="false"/>
  <content location="parameter_finder/data/rxnID.txt" format="http://purl.org/NET/mediatypes/text/plain" master="false"/>
  <content location="parameter_finder/data/Kname.txt" format="http://purl.org/NET/mediatypes/text/plain" master="false"/>
  <content location="parameter_finder/data/all_forward_matrix.txt" format="http://purl.org/NET/mediatypes/text/plain" master="false"/>
  <content location="parameter_finder/data/all_reverse_matrix.txt" format="http://purl.org/NET/mediatypes/text/plain" master="false"/>
  <content location="parameter_finder/__pycache__/kinetic_parameters.cpython-39.pyc" format="http://purl.org/NET/mediatypes/application/octet-stream" master="false"/>
  <content location="parameter_finder/output/all_params.mat" format="http://purl.org/NET/mediatypes/text/x-matlab" master="false"/>
  <content location="units_and_constants/constants_BG.cellml" format="http://identifiers.org/combine.specifications/cellml" master="false"/>
  <content location="units_and_constants/units_BG.cellml" format="http://identifiers.org/combine.specifications/cellml" master="false"/>
  <content location="exposure/BG_BARK_reaction.png" format="http://purl.org/NET/mediatypes/image/png" master="false"/>
  <content location="exposure/exposure_frontpage.rst" format="http://purl.org/NET/mediatypes/text/plain" master="false"/>
  <content location="exposure/kinetic_reactions.png" format="http://purl.org/NET/mediatypes/image/png" master="false"/>
  <content location="exposure/BG_PKACI_reaction.png" format="http://purl.org/NET/mediatypes/image/png" master="false"/>
  <content location="metadata.rdf" format="http://identifiers.org/combine.specifications/omex-metadata" master="false"/>
</omexManifest>
