<?xml version="1.0" encoding="UTF-8"?>
<omexManifest xmlns="http://identifiers.org/combine.specifications/omex-manifest">
  <content location="BG_crossbridge_TRPN.cellml" format="http://identifiers.org/combine.specifications/cellml" master="false"/>
  <content location="BG_crossbridge_TRPN.sedml" format="http://identifiers.org/combine.specifications/sed-ml" master="true"/>
  <content location="BG_crossbridge_TRPN.m" format="http://purl.org/NET/mediatypes/text/x-matlab" master="false"/>
  <content location="parameter_finder/find_BG_parameters.py" format="http://purl.org/NET/mediatypes/application/x-python-code" master="false"/>
  <content location="parameter_finder/TEMP.cellml.txt" format="http://purl.org/NET/mediatypes/text/plain" master="false"/>
  <content location="parameter_finder/kinetic_parameters_crossbridge_TRPN.py" format="http://purl.org/NET/mediatypes/application/x-python-code" master="false"/>
  <content location="parameter_finder/data/rxnID.txt" format="http://purl.org/NET/mediatypes/text/plain" master="false"/>
  <content location="parameter_finder/data/Kname.txt" format="http://purl.org/NET/mediatypes/text/plain" master="false"/>
  <content location="parameter_finder/data/all_forward_matrix.txt" format="http://purl.org/NET/mediatypes/text/plain" master="false"/>
  <content location="parameter_finder/data/all_reverse_matrix.txt" format="http://purl.org/NET/mediatypes/text/plain" master="false"/>
  <content location="parameter_finder/data/crossbridge_TRPN_stoichiometric_matrix.xlsx" format="http://purl.org/NET/mediatypes/application/vnd.openxmlformats-officedocument.spreadsheetml.sheet" master="false"/>
  <content location="parameter_finder/__pycache__/kinetic_parameters_crossbridge_TRPN.cpython-39.pyc" format="http://purl.org/NET/mediatypes/application/octet-stream" master="false"/>
  <content location="parameter_finder/__pycache__/kinetic_parameters_crossbridge.cpython-39.pyc" format="http://purl.org/NET/mediatypes/application/octet-stream" master="false"/>
  <content location="parameter_finder/__pycache__/kinetic_parameters_TRPN.cpython-39.pyc" format="http://purl.org/NET/mediatypes/application/octet-stream" master="false"/>
  <content location="parameter_finder/output/all_parameters_out.json" format="http://purl.org/NET/mediatypes/application/json" master="false"/>
  <content location="units_and_constants/constants_BG.cellml" format="http://identifiers.org/combine.specifications/cellml" master="false"/>
  <content location="units_and_constants/units_BG.cellml" format="http://identifiers.org/combine.specifications/cellml" master="false"/>
  <content location="exposure/exposure_frontpage.rst" format="http://purl.org/NET/mediatypes/text/plain" master="false"/>
  <content location="exposure/BG_dampers.png" format="http://purl.org/NET/mediatypes/image/png" master="false"/>
  <content location="exposure/XBstates.png" format="http://purl.org/NET/mediatypes/image/png" master="false"/>
  <content location="exposure/BUWS.png" format="http://purl.org/NET/mediatypes/image/png" master="false"/>
  <content location="exposure/drawing.svg" format="http://purl.org/NET/mediatypes/image/svg+xml" master="false"/>
  <content location="metadata.rdf" format="http://identifiers.org/combine.specifications/omex-metadata" master="false"/>
</omexManifest>
