<?xml version="1.0" encoding="UTF-8"?>
<omexManifest xmlns="http://identifiers.org/combine.specifications/omex-manifest">
  <content location="kholodenko_1999.ai" format="http://purl.org/NET/mediatypes/application/octet-stream" master="false"/>
  <content location="kholodenko_1999.png" format="http://purl.org/NET/mediatypes/image/png" master="false"/>
  <content location="kholodenko_demin_moehren_hoek_1999_Fig5.sedml" format="http://identifiers.org/combine.specifications/sed-ml" master="true"/>
  <content location="kholodenko_demin_moehren_hoek_1999.session.xml" format="http://purl.org/NET/mediatypes/application/xml" master="false"/>
  <content location="kholodenko_1999.xul" format="http://purl.org/NET/mediatypes/application/octet-stream" master="false"/>
  <content location="kholodenko_demin_moehren_hoek_1999.cellml" format="http://identifiers.org/combine.specifications/cellml" master="false"/>
  <content location="kholodenko_1999.svg" format="http://purl.org/NET/mediatypes/image/svg+xml" master="false"/>
  <content location="metadata.rdf" format="http://identifiers.org/combine.specifications/omex-metadata" master="false"/>
</omexManifest>
