<?xml version="1.0"?>
<rdf:RDF xmlns:rdf="http://www.w3.org/1999/02/22-rdf-syntax-ns#"><rdf:Description rdf:nodeID="n1"><variable xmlns="http://www.cellml.org/metadata/graphs/1.0#"><rdf:Description rdf:about="benson_epicardial_2008.cellml#IClb_IClb"/></variable></rdf:Description><rdf:Description rdf:nodeID="n2"><rdf:rest><rdf:Description rdf:nodeID="n3"/></rdf:rest><rdf:first><rdf:Description rdf:nodeID="n4"/></rdf:first></rdf:Description><rdf:Description rdf:nodeID="n5"><type xmlns="http://www.cellml.org/metadata/graphs/1.0#"><rdf:Description rdf:about="http://www.cellml.org/metadata/graphs/1.0#scatter"/></type><glyph xmlns="http://www.cellml.org/metadata/graphs/1.0#"><rdf:Description rdf:about="http://www.cellml.org/metadata/graphs/1.0#nonstandard-none"/></glyph><colour xmlns="http://www.cellml.org/metadata/graphs/1.0#" xml:lang="en">#66ff66</colour><variable xmlns="http://www.cellml.org/metadata/graphs/1.0#x-"><rdf:Description rdf:nodeID="n6"/></variable><variable xmlns="http://www.cellml.org/metadata/graphs/1.0#y-"><rdf:Description rdf:nodeID="n7"/></variable></rdf:Description><rdf:Description rdf:nodeID="n8"><variable xmlns="http://www.cellml.org/metadata/graphs/1.0#"><rdf:Description rdf:about="benson_epicardial_2008.cellml#Environment_time"/></variable></rdf:Description><rdf:Description rdf:nodeID="n9"><type xmlns="http://www.cellml.org/metadata/graphs/1.0#"><rdf:Description rdf:about="http://www.cellml.org/metadata/graphs/1.0#scatter"/></type><glyph xmlns="http://www.cellml.org/metadata/graphs/1.0#"><rdf:Description rdf:about="http://www.cellml.org/metadata/graphs/1.0#nonstandard-none"/></glyph><colour xmlns="http://www.cellml.org/metadata/graphs/1.0#" xml:lang="en">#66ff66</colour><variable xmlns="http://www.cellml.org/metadata/graphs/1.0#x-"><rdf:Description rdf:nodeID="n10"/></variable><variable xmlns="http://www.cellml.org/metadata/graphs/1.0#y-"><rdf:Description rdf:nodeID="n11"/></variable></rdf:Description><rdf:Description rdf:nodeID="n12"><type xmlns="http://www.cellml.org/metadata/graphs/1.0#"><rdf:Description rdf:about="http://www.cellml.org/metadata/graphs/1.0#scatter"/></type><glyph xmlns="http://www.cellml.org/metadata/graphs/1.0#"><rdf:Description rdf:about="http://www.cellml.org/metadata/graphs/1.0#nonstandard-none"/></glyph><colour xmlns="http://www.cellml.org/metadata/graphs/1.0#" xml:lang="en">#ff33cc</colour><variable xmlns="http://www.cellml.org/metadata/graphs/1.0#x-"><rdf:Description rdf:nodeID="n13"/></variable><variable xmlns="http://www.cellml.org/metadata/graphs/1.0#y-"><rdf:Description rdf:nodeID="n14"/></variable></rdf:Description><rdf:Description rdf:nodeID="n15"><variable xmlns="http://www.cellml.org/metadata/graphs/1.0#"><rdf:Description rdf:about="benson_epicardial_2008.cellml#Environment_time"/></variable></rdf:Description><rdf:Description rdf:nodeID="n16"><variable xmlns="http://www.cellml.org/metadata/graphs/1.0#"><rdf:Description rdf:about="benson_epicardial_2008.cellml#Environment_time"/></variable></rdf:Description><rdf:Description rdf:nodeID="n17"><variable xmlns="http://www.cellml.org/metadata/graphs/1.0#"><rdf:Description rdf:about="benson_epicardial_2008.cellml#Environment_time"/></variable></rdf:Description><rdf:Description rdf:nodeID="n13"><variable xmlns="http://www.cellml.org/metadata/graphs/1.0#"><rdf:Description rdf:about="benson_epicardial_2008.cellml#Environment_time"/></variable></rdf:Description><rdf:Description rdf:nodeID="n18"><rdf:rest><rdf:Description rdf:about="http://www.w3.org/1999/02/22-rdf-syntax-ns#nil"/></rdf:rest><rdf:first><rdf:Description rdf:nodeID="n19"/></rdf:first></rdf:Description><rdf:Description rdf:nodeID="n20"><type xmlns="http://www.cellml.org/metadata/graphs/1.0#"><rdf:Description rdf:about="http://www.cellml.org/metadata/graphs/1.0#line"/></type><colour xmlns="http://www.cellml.org/metadata/graphs/1.0#" xml:lang="en">#099999</colour><variable xmlns="http://www.cellml.org/metadata/graphs/1.0#x-"><rdf:Description rdf:nodeID="n21"/></variable><variable xmlns="http://www.cellml.org/metadata/graphs/1.0#y-"><rdf:Description rdf:nodeID="n22"/></variable></rdf:Description><rdf:Description rdf:nodeID="n3"><rdf:rest><rdf:Description rdf:about="http://www.w3.org/1999/02/22-rdf-syntax-ns#nil"/></rdf:rest><rdf:first><rdf:Description rdf:nodeID="n23"/></rdf:first></rdf:Description><rdf:Description rdf:about="http://www.cellml.org/tools/pcenv/splitter/graph_sel_graph2"><activegraph xmlns="http://www.cellml.org/tools/pcenv/"><rdf:Description rdf:nodeID="n24"/></activegraph></rdf:Description><rdf:Description rdf:nodeID="n25"><rdf:rest><rdf:Description rdf:nodeID="n26"/></rdf:rest><rdf:first><rdf:Description rdf:nodeID="n27"/></rdf:first></rdf:Description><rdf:Description rdf:nodeID="n28"><rdf:rest><rdf:Description rdf:nodeID="n29"/></rdf:rest><rdf:first><rdf:Description rdf:nodeID="n30"/></rdf:first></rdf:Description><rdf:Description rdf:nodeID="n31"><rdf:rest><rdf:Description rdf:nodeID="n32"/></rdf:rest><rdf:first><rdf:Description rdf:nodeID="n33"/></rdf:first></rdf:Description><rdf:Description rdf:nodeID="n10"><variable xmlns="http://www.cellml.org/metadata/graphs/1.0#"><rdf:Description rdf:about="benson_epicardial_2008.cellml#Environment_time"/></variable></rdf:Description><rdf:Description rdf:nodeID="n34"><variable xmlns="http://www.cellml.org/metadata/graphs/1.0#"><rdf:Description rdf:about="benson_epicardial_2008.cellml#ICaL_ICaL"/></variable></rdf:Description><rdf:Description rdf:nodeID="n35"><variable xmlns="http://www.cellml.org/metadata/graphs/1.0#"><rdf:Description rdf:about="benson_epicardial_2008.cellml#Irel_CaMKtrap"/></variable></rdf:Description><rdf:Description rdf:nodeID="n7"><variable xmlns="http://www.cellml.org/metadata/graphs/1.0#"><rdf:Description rdf:about="benson_epicardial_2008.cellml#ICab_ICab"/></variable></rdf:Description><rdf:Description rdf:about="http://www.cellml.org/tools/opencell/splitter/graph_key_graph3"><splitterState_collapsedAfter xmlns="http://www.cellml.org/tools/opencell/" xml:lang="en">true</splitterState_collapsedAfter><splitterState_nextHeight xmlns="http://www.cellml.org/tools/opencell/" xml:lang="en">0</splitterState_nextHeight></rdf:Description><rdf:Description rdf:about="http://www.cellml.org/tools/pcenv/loadedModels"><rdf:_2><rdf:Description rdf:about="benson_epicardial_2008.cellml"/></rdf:_2></rdf:Description><rdf:Description rdf:nodeID="n36"><variable xmlns="http://www.cellml.org/metadata/graphs/1.0#"><rdf:Description rdf:about="benson_epicardial_2008.cellml#Environment_time"/></variable></rdf:Description><rdf:Description rdf:nodeID="n37"><rdf:rest><rdf:Description rdf:nodeID="n38"/></rdf:rest><rdf:first><rdf:Description rdf:nodeID="n39"/></rdf:first></rdf:Description><rdf:Description rdf:nodeID="n40"><variable xmlns="http://www.cellml.org/metadata/graphs/1.0#"><rdf:Description rdf:about="benson_epicardial_2008.cellml#Environment_time"/></variable></rdf:Description><rdf:Description rdf:nodeID="n32"><rdf:rest><rdf:Description rdf:nodeID="n41"/></rdf:rest><rdf:first><rdf:Description rdf:nodeID="n42"/></rdf:first></rdf:Description><rdf:Description rdf:about="http://www.cellml.org/tools/opencell/splitter/graph_sel_graph2"><activegraph xmlns="http://www.cellml.org/tools/opencell/"><rdf:Description rdf:nodeID="n24"/></activegraph></rdf:Description><rdf:Description rdf:nodeID="n43"><type xmlns="http://www.cellml.org/metadata/graphs/1.0#"><rdf:Description rdf:about="http://www.cellml.org/metadata/graphs/1.0#scatter"/></type><glyph xmlns="http://www.cellml.org/metadata/graphs/1.0#"><rdf:Description rdf:about="http://www.cellml.org/metadata/graphs/1.0#nonstandard-none"/></glyph><colour xmlns="http://www.cellml.org/metadata/graphs/1.0#" xml:lang="en">#66ff66</colour><variable xmlns="http://www.cellml.org/metadata/graphs/1.0#x-"><rdf:Description rdf:nodeID="n40"/></variable><variable xmlns="http://www.cellml.org/metadata/graphs/1.0#y-"><rdf:Description rdf:nodeID="n44"/></variable></rdf:Description><rdf:Description rdf:nodeID="n45"><type xmlns="http://www.cellml.org/metadata/graphs/1.0#"><rdf:Description rdf:about="http://www.cellml.org/metadata/graphs/1.0#scatter"/></type><glyph xmlns="http://www.cellml.org/metadata/graphs/1.0#"><rdf:Description rdf:about="http://www.cellml.org/metadata/graphs/1.0#nonstandard-none"/></glyph><colour xmlns="http://www.cellml.org/metadata/graphs/1.0#" xml:lang="en">#00ffff</colour><variable xmlns="http://www.cellml.org/metadata/graphs/1.0#x-"><rdf:Description rdf:nodeID="n46"/></variable><variable xmlns="http://www.cellml.org/metadata/graphs/1.0#y-"><rdf:Description rdf:nodeID="n47"/></variable></rdf:Description><rdf:Description rdf:nodeID="n48"><variable xmlns="http://www.cellml.org/metadata/graphs/1.0#"><rdf:Description rdf:about="benson_epicardial_2008.cellml#Na_CTNaCl"/></variable></rdf:Description><rdf:Description rdf:nodeID="n49"><variable xmlns="http://www.cellml.org/metadata/graphs/1.0#"><rdf:Description rdf:about="benson_epicardial_2008.cellml#Environment_time"/></variable></rdf:Description><rdf:Description rdf:about="http://www.cellml.org/tools/opencell/splitter/graph_sel_graph3"><activegraph xmlns="http://www.cellml.org/tools/opencell/"><rdf:Description rdf:nodeID="n50"/></activegraph></rdf:Description><rdf:Description rdf:nodeID="n51"><variable xmlns="http://www.cellml.org/metadata/graphs/1.0#"><rdf:Description rdf:about="benson_epicardial_2008.cellml#Environment_time"/></variable></rdf:Description><rdf:Description rdf:nodeID="n52"><rdf:rest><rdf:Description rdf:nodeID="n53"/></rdf:rest><rdf:first><rdf:Description rdf:nodeID="n54"/></rdf:first></rdf:Description><rdf:Description rdf:nodeID="n55"><variable xmlns="http://www.cellml.org/metadata/graphs/1.0#"><rdf:Description rdf:about="benson_epicardial_2008.cellml#IKs_IKs"/></variable></rdf:Description><rdf:Description rdf:nodeID="n56"><rdf:rest><rdf:Description rdf:nodeID="n57"/></rdf:rest><rdf:first><rdf:Description rdf:nodeID="n12"/></rdf:first></rdf:Description><rdf:Description rdf:nodeID="n58"><type xmlns="http://www.cellml.org/metadata/graphs/1.0#"><rdf:Description rdf:about="http://www.cellml.org/metadata/graphs/1.0#scatter"/></type><glyph xmlns="http://www.cellml.org/metadata/graphs/1.0#"><rdf:Description rdf:about="http://www.cellml.org/metadata/graphs/1.0#nonstandard-none"/></glyph><colour xmlns="http://www.cellml.org/metadata/graphs/1.0#" xml:lang="en">#ff66ff</colour><variable xmlns="http://www.cellml.org/metadata/graphs/1.0#x-"><rdf:Description rdf:nodeID="n49"/></variable><variable xmlns="http://www.cellml.org/metadata/graphs/1.0#y-"><rdf:Description rdf:nodeID="n59"/></variable></rdf:Description><rdf:Description rdf:nodeID="n60"><rdf:rest><rdf:Description rdf:nodeID="n61"/></rdf:rest><rdf:first><rdf:Description rdf:nodeID="n50"/></rdf:first></rdf:Description><rdf:Description rdf:about="http://www.cellml.org/tools/pcenv/splitter/graphedit"><splitterState_prevWidth xmlns="http://www.cellml.org/tools/pcenv/" xml:lang="en">411</splitterState_prevWidth></rdf:Description><rdf:Description rdf:nodeID="n33"><type xmlns="http://www.cellml.org/metadata/graphs/1.0#"><rdf:Description rdf:about="http://www.cellml.org/metadata/graphs/1.0#scatter"/></type><glyph xmlns="http://www.cellml.org/metadata/graphs/1.0#"><rdf:Description rdf:about="http://www.cellml.org/metadata/graphs/1.0#nonstandard-none"/></glyph><colour xmlns="http://www.cellml.org/metadata/graphs/1.0#" xml:lang="en">#66ff66</colour><variable xmlns="http://www.cellml.org/metadata/graphs/1.0#x-"><rdf:Description rdf:nodeID="n8"/></variable><variable xmlns="http://www.cellml.org/metadata/graphs/1.0#y-"><rdf:Description rdf:nodeID="n62"/></variable></rdf:Description><rdf:Description rdf:about="http://www.cellml.org/tools/opencell/loadedModels"><rdf:_1><rdf:Description rdf:about="benson_epicardial_2008.cellml"/></rdf:_1></rdf:Description><rdf:Description rdf:about="benson_epicardial_2008.cellml"><derivedmodels xmlns="http://www.cellml.org/tools/opencell/"><rdf:Description rdf:nodeID="n63"/></derivedmodels><derivedmodels xmlns="http://www.cellml.org/tools/pcenv/"><rdf:Description rdf:nodeID="n63"/></derivedmodels><modelfrozen xmlns="http://www.cellml.org/tools/pcenv/" xml:lang="en">true</modelfrozen><modelname xmlns="http://www.cellml.org/tools/opencell/" xml:lang="en">benson_epicardial_2008</modelname><modelfrozen xmlns="http://www.cellml.org/tools/opencell/" xml:lang="en">true</modelfrozen><modelname xmlns="http://www.cellml.org/tools/pcenv/" xml:lang="en">benson_epicardial_2008</modelname></rdf:Description><rdf:Description rdf:about="http://www.cellml.org/tools/pcenv/splitter/graph_key_graph3"><splitterState_collapsedAfter xmlns="http://www.cellml.org/tools/pcenv/" xml:lang="en">true</splitterState_collapsedAfter><splitterState_nextHeight xmlns="http://www.cellml.org/tools/pcenv/" xml:lang="en">0</splitterState_nextHeight></rdf:Description><rdf:Description rdf:nodeID="n46"><variable xmlns="http://www.cellml.org/metadata/graphs/1.0#"><rdf:Description rdf:about="benson_epicardial_2008.cellml#Environment_time"/></variable></rdf:Description><rdf:Description rdf:nodeID="n21"><variable xmlns="http://www.cellml.org/metadata/graphs/1.0#"><rdf:Description rdf:about="benson_epicardial_2008.cellml#Environment_time"/></variable></rdf:Description><rdf:Description rdf:nodeID="n64"><rdf:rest><rdf:Description rdf:nodeID="n52"/></rdf:rest><rdf:first><rdf:Description rdf:nodeID="n45"/></rdf:first></rdf:Description><rdf:Description rdf:nodeID="n65"><variable xmlns="http://www.cellml.org/metadata/graphs/1.0#"><rdf:Description rdf:about="benson_epicardial_2008.cellml#IK1_IK1"/></variable></rdf:Description><rdf:Description rdf:nodeID="n59"><variable xmlns="http://www.cellml.org/metadata/graphs/1.0#"><rdf:Description rdf:about="benson_epicardial_2008.cellml#Iup_Ileak_ileak"/></variable></rdf:Description><rdf:Description rdf:nodeID="n66"><variable xmlns="http://www.cellml.org/metadata/graphs/1.0#"><rdf:Description rdf:about="benson_epicardial_2008.cellml#Environment_time"/></variable></rdf:Description><rdf:Description rdf:nodeID="n67"><type xmlns="http://www.cellml.org/metadata/graphs/1.0#"><rdf:Description rdf:about="http://www.cellml.org/metadata/graphs/1.0#scatter"/></type><glyph xmlns="http://www.cellml.org/metadata/graphs/1.0#"><rdf:Description rdf:about="http://www.cellml.org/metadata/graphs/1.0#nonstandard-none"/></glyph><colour xmlns="http://www.cellml.org/metadata/graphs/1.0#" xml:lang="en">#cc00ff</colour><variable xmlns="http://www.cellml.org/metadata/graphs/1.0#x-"><rdf:Description rdf:nodeID="n51"/></variable><variable xmlns="http://www.cellml.org/metadata/graphs/1.0#y-"><rdf:Description rdf:nodeID="n68"/></variable></rdf:Description><rdf:Description rdf:about="http://www.cellml.org/tools/opencell/splitter/graphedit"><splitterState_nextWidth xmlns="http://www.cellml.org/tools/pcenv/" xml:lang="en">850</splitterState_nextWidth><splitterState_nextWidth xmlns="http://www.cellml.org/tools/opencell/" xml:lang="en">850</splitterState_nextWidth><splitterState_prevWidth xmlns="http://www.cellml.org/tools/opencell/" xml:lang="en">411</splitterState_prevWidth></rdf:Description><rdf:Description rdf:nodeID="n69"><variable xmlns="http://www.cellml.org/metadata/graphs/1.0#"><rdf:Description rdf:about="benson_epicardial_2008.cellml#Environment_time"/></variable></rdf:Description><rdf:Description rdf:nodeID="n24"><graphname xmlns="http://www.cellml.org/tools/pcenv/" xml:lang="en">Traces: channel/ exchanger/ pump/ currents against Time</graphname><graphname xmlns="http://www.cellml.org/tools/opencell/" xml:lang="en">Traces: channel/ exchanger/ pump/ currents against Time</graphname><traces xmlns="http://www.cellml.org/metadata/graphs/1.0#"><rdf:Description rdf:nodeID="n70"/></traces><scaling xmlns="http://www.cellml.org/metadata/graphs/1.0#x-"><rdf:Description rdf:about="http://www.cellml.org/metadata/graphs/1.0#identity"/></scaling><scaling xmlns="http://www.cellml.org/metadata/graphs/1.0#y-"><rdf:Description rdf:about="http://www.cellml.org/metadata/graphs/1.0#identity"/></scaling><decoration xmlns="http://www.cellml.org/metadata/graphs/1.0#"><rdf:Description rdf:about="http://www.cellml.org/metadata/graphs/1.0#none"/></decoration></rdf:Description><rdf:Description rdf:nodeID="n71"><variable xmlns="http://www.cellml.org/metadata/graphs/1.0#"><rdf:Description rdf:about="benson_epicardial_2008.cellml#Environment_time"/></variable></rdf:Description><rdf:Description rdf:nodeID="n62"><variable xmlns="http://www.cellml.org/metadata/graphs/1.0#"><rdf:Description rdf:about="benson_epicardial_2008.cellml#INaK_INaK"/></variable></rdf:Description><rdf:Description rdf:nodeID="n70"><rdf:first><rdf:Description rdf:nodeID="n28"/></rdf:first></rdf:Description><rdf:Description rdf:nodeID="n54"><type xmlns="http://www.cellml.org/metadata/graphs/1.0#"><rdf:Description rdf:about="http://www.cellml.org/metadata/graphs/1.0#scatter"/></type><glyph xmlns="http://www.cellml.org/metadata/graphs/1.0#"><rdf:Description rdf:about="http://www.cellml.org/metadata/graphs/1.0#nonstandard-none"/></glyph><colour xmlns="http://www.cellml.org/metadata/graphs/1.0#" xml:lang="en">#66ff66</colour><variable xmlns="http://www.cellml.org/metadata/graphs/1.0#x-"><rdf:Description rdf:nodeID="n72"/></variable><variable xmlns="http://www.cellml.org/metadata/graphs/1.0#y-"><rdf:Description rdf:nodeID="n35"/></variable></rdf:Description><rdf:Description rdf:nodeID="n73"><variable xmlns="http://www.cellml.org/metadata/graphs/1.0#"><rdf:Description rdf:about="benson_epicardial_2008.cellml#Iup_Ileak_iup"/></variable></rdf:Description><rdf:Description rdf:nodeID="n6"><variable xmlns="http://www.cellml.org/metadata/graphs/1.0#"><rdf:Description rdf:about="benson_epicardial_2008.cellml#Environment_time"/></variable></rdf:Description><rdf:Description rdf:nodeID="n74"><type xmlns="http://www.cellml.org/metadata/graphs/1.0#"><rdf:Description rdf:about="http://www.cellml.org/metadata/graphs/1.0#scatter"/></type><glyph xmlns="http://www.cellml.org/metadata/graphs/1.0#"><rdf:Description rdf:about="http://www.cellml.org/metadata/graphs/1.0#nonstandard-none"/></glyph><colour xmlns="http://www.cellml.org/metadata/graphs/1.0#" xml:lang="en">#ff00cc</colour><variable xmlns="http://www.cellml.org/metadata/graphs/1.0#x-"><rdf:Description rdf:nodeID="n66"/></variable><variable xmlns="http://www.cellml.org/metadata/graphs/1.0#y-"><rdf:Description rdf:nodeID="n34"/></variable></rdf:Description><rdf:Description rdf:about="http://www.cellml.org/tools/pcenv/splitter/graph_sel_graph3"><activegraph xmlns="http://www.cellml.org/tools/pcenv/"><rdf:Description rdf:nodeID="n50"/></activegraph></rdf:Description><rdf:Description rdf:nodeID="n19"><graphname xmlns="http://www.cellml.org/tools/pcenv/" xml:lang="en">Membrane Voltage (mV) against Time (ms)</graphname><graphname xmlns="http://www.cellml.org/tools/opencell/" xml:lang="en">Membrane Voltage (mV) against Time (ms)</graphname><traces xmlns="http://www.cellml.org/metadata/graphs/1.0#"><rdf:Description rdf:nodeID="n75"/></traces><scaling xmlns="http://www.cellml.org/metadata/graphs/1.0#x-"><rdf:Description rdf:about="http://www.cellml.org/metadata/graphs/1.0#identity"/></scaling><scaling xmlns="http://www.cellml.org/metadata/graphs/1.0#y-"><rdf:Description rdf:about="http://www.cellml.org/metadata/graphs/1.0#identity"/></scaling><decoration xmlns="http://www.cellml.org/metadata/graphs/1.0#"><rdf:Description rdf:about="http://www.cellml.org/metadata/graphs/1.0#none"/></decoration></rdf:Description><rdf:Description rdf:nodeID="n76"><type xmlns="http://www.cellml.org/metadata/graphs/1.0#"><rdf:Description rdf:about="http://www.cellml.org/metadata/graphs/1.0#scatter"/></type><glyph xmlns="http://www.cellml.org/metadata/graphs/1.0#"><rdf:Description rdf:about="http://www.cellml.org/metadata/graphs/1.0#nonstandard-none"/></glyph><colour xmlns="http://www.cellml.org/metadata/graphs/1.0#" xml:lang="en">#ff6600</colour><variable xmlns="http://www.cellml.org/metadata/graphs/1.0#x-"><rdf:Description rdf:nodeID="n17"/></variable><variable xmlns="http://www.cellml.org/metadata/graphs/1.0#y-"><rdf:Description rdf:nodeID="n77"/></variable></rdf:Description><rdf:Description rdf:nodeID="n78"><variable xmlns="http://www.cellml.org/metadata/graphs/1.0#"><rdf:Description rdf:about="benson_epicardial_2008.cellml#Environment_time"/></variable></rdf:Description><rdf:Description rdf:nodeID="n79"><rdf:rest><rdf:Description rdf:about="http://www.w3.org/1999/02/22-rdf-syntax-ns#nil"/></rdf:rest><rdf:first><rdf:Description rdf:nodeID="n20"/></rdf:first></rdf:Description><rdf:Description rdf:nodeID="n80"><variable xmlns="http://www.cellml.org/metadata/graphs/1.0#"><rdf:Description rdf:about="benson_epicardial_2008.cellml#IKr_IKr"/></variable></rdf:Description><rdf:Description rdf:nodeID="n81"><type xmlns="http://www.cellml.org/metadata/graphs/1.0#"><rdf:Description rdf:about="http://www.cellml.org/metadata/graphs/1.0#scatter"/></type><glyph xmlns="http://www.cellml.org/metadata/graphs/1.0#"><rdf:Description rdf:about="http://www.cellml.org/metadata/graphs/1.0#nonstandard-none"/></glyph><colour xmlns="http://www.cellml.org/metadata/graphs/1.0#" xml:lang="en">#66ff66</colour><variable xmlns="http://www.cellml.org/metadata/graphs/1.0#x-"><rdf:Description rdf:nodeID="n16"/></variable><variable xmlns="http://www.cellml.org/metadata/graphs/1.0#y-"><rdf:Description rdf:nodeID="n80"/></variable></rdf:Description><rdf:Description rdf:nodeID="n82"><type xmlns="http://www.cellml.org/metadata/graphs/1.0#"><rdf:Description rdf:about="http://www.cellml.org/metadata/graphs/1.0#scatter"/></type><glyph xmlns="http://www.cellml.org/metadata/graphs/1.0#"><rdf:Description rdf:about="http://www.cellml.org/metadata/graphs/1.0#nonstandard-none"/></glyph><colour xmlns="http://www.cellml.org/metadata/graphs/1.0#" xml:lang="en">#66ff66</colour><variable xmlns="http://www.cellml.org/metadata/graphs/1.0#x-"><rdf:Description rdf:nodeID="n83"/></variable><variable xmlns="http://www.cellml.org/metadata/graphs/1.0#y-"><rdf:Description rdf:nodeID="n65"/></variable></rdf:Description><rdf:Description rdf:nodeID="n84"><variable xmlns="http://www.cellml.org/metadata/graphs/1.0#"><rdf:Description rdf:about="benson_epicardial_2008.cellml#Environment_time"/></variable></rdf:Description><rdf:Description rdf:about="http://www.cellml.org/tools/opencell/splitter/graph_key_graph1"><splitterState_collapsedAfter xmlns="http://www.cellml.org/tools/opencell/" xml:lang="en">true</splitterState_collapsedAfter><splitterState_nextHeight xmlns="http://www.cellml.org/tools/opencell/" xml:lang="en">0</splitterState_nextHeight></rdf:Description><rdf:Description rdf:about="http://www.cellml.org/tools/pcenv/splitter/graph_sel_graph1"><activegraph xmlns="http://www.cellml.org/tools/pcenv/"><rdf:Description rdf:nodeID="n19"/></activegraph></rdf:Description><rdf:Description rdf:nodeID="n61"><rdf:rest><rdf:Description rdf:nodeID="n18"/></rdf:rest><rdf:first><rdf:Description rdf:nodeID="n24"/></rdf:first></rdf:Description><rdf:Description rdf:nodeID="n47"><variable xmlns="http://www.cellml.org/metadata/graphs/1.0#"><rdf:Description rdf:about="benson_epicardial_2008.cellml#Irel_irelcicr"/></variable></rdf:Description><rdf:Description rdf:nodeID="n39"><type xmlns="http://www.cellml.org/metadata/graphs/1.0#"><rdf:Description rdf:about="http://www.cellml.org/metadata/graphs/1.0#scatter"/></type><glyph xmlns="http://www.cellml.org/metadata/graphs/1.0#"><rdf:Description rdf:about="http://www.cellml.org/metadata/graphs/1.0#nonstandard-none"/></glyph><colour xmlns="http://www.cellml.org/metadata/graphs/1.0#" xml:lang="en">#66ff66</colour><variable xmlns="http://www.cellml.org/metadata/graphs/1.0#x-"><rdf:Description rdf:nodeID="n36"/></variable><variable xmlns="http://www.cellml.org/metadata/graphs/1.0#y-"><rdf:Description rdf:nodeID="n1"/></variable></rdf:Description><rdf:Description rdf:about="http://www.cellml.org/tools/opencell/displayGraphs"><rdf:first><rdf:Description rdf:nodeID="n60"/></rdf:first></rdf:Description><rdf:Description rdf:nodeID="n38"><rdf:rest><rdf:Description rdf:nodeID="n25"/></rdf:rest><rdf:first><rdf:Description rdf:nodeID="n81"/></rdf:first></rdf:Description><rdf:Description rdf:nodeID="n57"><rdf:rest><rdf:Description rdf:nodeID="n31"/></rdf:rest><rdf:first><rdf:Description rdf:nodeID="n43"/></rdf:first></rdf:Description><rdf:Description rdf:nodeID="n75"><rdf:first><rdf:Description rdf:nodeID="n79"/></rdf:first></rdf:Description><rdf:Description rdf:nodeID="n85"><rdf:rest><rdf:Description rdf:nodeID="n37"/></rdf:rest><rdf:first><rdf:Description rdf:nodeID="n5"/></rdf:first></rdf:Description><rdf:Description rdf:nodeID="n86"><variable xmlns="http://www.cellml.org/metadata/graphs/1.0#"><rdf:Description rdf:about="benson_epicardial_2008.cellml#K_CTKCl"/></variable></rdf:Description><rdf:Description rdf:about="http://www.cellml.org/tools/pcenv/modlayoutsplit"><splitterState_prevWidth xmlns="http://www.cellml.org/tools/pcenv/" xml:lang="en">61</splitterState_prevWidth><splitterState_collapsedBefore xmlns="http://www.cellml.org/tools/pcenv/" xml:lang="en">true</splitterState_collapsedBefore></rdf:Description><rdf:Description rdf:about="http://www.cellml.org/tools/pcenv/splitter/graph_key_graph2"><splitterState_collapsedAfter xmlns="http://www.cellml.org/tools/pcenv/" xml:lang="en">true</splitterState_collapsedAfter><splitterState_nextHeight xmlns="http://www.cellml.org/tools/pcenv/" xml:lang="en">0</splitterState_nextHeight></rdf:Description><rdf:Description rdf:nodeID="n44"><variable xmlns="http://www.cellml.org/metadata/graphs/1.0#"><rdf:Description rdf:about="benson_epicardial_2008.cellml#IKp_IKp"/></variable></rdf:Description><rdf:Description rdf:nodeID="n87"><variable xmlns="http://www.cellml.org/metadata/graphs/1.0#"><rdf:Description rdf:about="benson_epicardial_2008.cellml#Environment_time"/></variable></rdf:Description><rdf:Description rdf:about="http://www.cellml.org/tools/opencell/splitter/graph_sel_graph1"><activegraph xmlns="http://www.cellml.org/tools/opencell/"><rdf:Description rdf:nodeID="n19"/></activegraph></rdf:Description><rdf:Description rdf:nodeID="n88"><variable xmlns="http://www.cellml.org/metadata/graphs/1.0#"><rdf:Description rdf:about="benson_epicardial_2008.cellml#INal_INal"/></variable></rdf:Description><rdf:Description rdf:about="http://www.cellml.org/tools/pcenv/splitter/graph_key_graph1"><splitterState_collapsedAfter xmlns="http://www.cellml.org/tools/pcenv/" xml:lang="en">true</splitterState_collapsedAfter><splitterState_nextHeight xmlns="http://www.cellml.org/tools/pcenv/" xml:lang="en">0</splitterState_nextHeight></rdf:Description><rdf:Description rdf:nodeID="n89"><rdf:rest><rdf:Description rdf:nodeID="n64"/></rdf:rest><rdf:first><rdf:Description rdf:nodeID="n76"/></rdf:first></rdf:Description><rdf:Description rdf:nodeID="n83"><variable xmlns="http://www.cellml.org/metadata/graphs/1.0#"><rdf:Description rdf:about="benson_epicardial_2008.cellml#Environment_time"/></variable></rdf:Description><rdf:Description rdf:nodeID="n68"><variable xmlns="http://www.cellml.org/metadata/graphs/1.0#"><rdf:Description rdf:about="benson_epicardial_2008.cellml#INaCa_INaCa"/></variable></rdf:Description><rdf:Description rdf:nodeID="n27"><type xmlns="http://www.cellml.org/metadata/graphs/1.0#"><rdf:Description rdf:about="http://www.cellml.org/metadata/graphs/1.0#scatter"/></type><glyph xmlns="http://www.cellml.org/metadata/graphs/1.0#"><rdf:Description rdf:about="http://www.cellml.org/metadata/graphs/1.0#nonstandard-none"/></glyph><colour xmlns="http://www.cellml.org/metadata/graphs/1.0#" xml:lang="en">#66ff66</colour><variable xmlns="http://www.cellml.org/metadata/graphs/1.0#x-"><rdf:Description rdf:nodeID="n84"/></variable><variable xmlns="http://www.cellml.org/metadata/graphs/1.0#y-"><rdf:Description rdf:nodeID="n55"/></variable></rdf:Description><rdf:Description rdf:nodeID="n90"><variable xmlns="http://www.cellml.org/metadata/graphs/1.0#"><rdf:Description rdf:about="benson_epicardial_2008.cellml#IpCa_IpCa"/></variable></rdf:Description><rdf:Description rdf:nodeID="n30"><type xmlns="http://www.cellml.org/metadata/graphs/1.0#"><rdf:Description rdf:about="http://www.cellml.org/metadata/graphs/1.0#scatter"/></type><glyph xmlns="http://www.cellml.org/metadata/graphs/1.0#"><rdf:Description rdf:about="http://www.cellml.org/metadata/graphs/1.0#nonstandard-none"/></glyph><colour xmlns="http://www.cellml.org/metadata/graphs/1.0#" xml:lang="en">#ff9900</colour><variable xmlns="http://www.cellml.org/metadata/graphs/1.0#x-"><rdf:Description rdf:nodeID="n71"/></variable><variable xmlns="http://www.cellml.org/metadata/graphs/1.0#y-"><rdf:Description rdf:nodeID="n88"/></variable></rdf:Description><rdf:Description rdf:about="http://www.cellml.org/tools/opencell/splitter/graph_key_graph2"><splitterState_collapsedAfter xmlns="http://www.cellml.org/tools/opencell/" xml:lang="en">true</splitterState_collapsedAfter><splitterState_nextHeight xmlns="http://www.cellml.org/tools/opencell/" xml:lang="en">0</splitterState_nextHeight></rdf:Description><rdf:Description rdf:nodeID="n26"><rdf:rest><rdf:Description rdf:nodeID="n56"/></rdf:rest><rdf:first><rdf:Description rdf:nodeID="n82"/></rdf:first></rdf:Description><rdf:Description rdf:nodeID="n72"><variable xmlns="http://www.cellml.org/metadata/graphs/1.0#"><rdf:Description rdf:about="benson_epicardial_2008.cellml#Environment_time"/></variable></rdf:Description><rdf:Description rdf:nodeID="n4"><type xmlns="http://www.cellml.org/metadata/graphs/1.0#"><rdf:Description rdf:about="http://www.cellml.org/metadata/graphs/1.0#line"/></type><colour xmlns="http://www.cellml.org/metadata/graphs/1.0#" xml:lang="en">#43cd25</colour><variable xmlns="http://www.cellml.org/metadata/graphs/1.0#x-"><rdf:Description rdf:nodeID="n78"/></variable><variable xmlns="http://www.cellml.org/metadata/graphs/1.0#y-"><rdf:Description rdf:nodeID="n86"/></variable></rdf:Description><rdf:Description rdf:nodeID="n23"><type xmlns="http://www.cellml.org/metadata/graphs/1.0#"><rdf:Description rdf:about="http://www.cellml.org/metadata/graphs/1.0#line"/></type><colour xmlns="http://www.cellml.org/metadata/graphs/1.0#" xml:lang="en">#13dc9f</colour><variable xmlns="http://www.cellml.org/metadata/graphs/1.0#x-"><rdf:Description rdf:nodeID="n87"/></variable><variable xmlns="http://www.cellml.org/metadata/graphs/1.0#y-"><rdf:Description rdf:nodeID="n48"/></variable></rdf:Description><rdf:Description rdf:nodeID="n42"><type xmlns="http://www.cellml.org/metadata/graphs/1.0#"><rdf:Description rdf:about="http://www.cellml.org/metadata/graphs/1.0#scatter"/></type><glyph xmlns="http://www.cellml.org/metadata/graphs/1.0#"><rdf:Description rdf:about="http://www.cellml.org/metadata/graphs/1.0#nonstandard-none"/></glyph><colour xmlns="http://www.cellml.org/metadata/graphs/1.0#" xml:lang="en">#ff0099</colour><variable xmlns="http://www.cellml.org/metadata/graphs/1.0#x-"><rdf:Description rdf:nodeID="n69"/></variable><variable xmlns="http://www.cellml.org/metadata/graphs/1.0#y-"><rdf:Description rdf:nodeID="n73"/></variable></rdf:Description><rdf:Description rdf:about="http://www.cellml.org/tools/opencell/modlayoutsplit"><splitterState_collapsedBefore xmlns="http://www.cellml.org/tools/opencell/" xml:lang="en">true</splitterState_collapsedBefore><splitterState_nextWidth xmlns="http://www.cellml.org/tools/pcenv/" xml:lang="en">1197</splitterState_nextWidth><splitterState_nextWidth xmlns="http://www.cellml.org/tools/opencell/" xml:lang="en">1197</splitterState_nextWidth><splitterState_prevWidth xmlns="http://www.cellml.org/tools/opencell/" xml:lang="en">61</splitterState_prevWidth></rdf:Description><rdf:Description rdf:nodeID="n91"><type xmlns="http://www.cellml.org/metadata/graphs/1.0#"><rdf:Description rdf:about="http://www.cellml.org/metadata/graphs/1.0#scatter"/></type><glyph xmlns="http://www.cellml.org/metadata/graphs/1.0#"><rdf:Description rdf:about="http://www.cellml.org/metadata/graphs/1.0#nonstandard-none"/></glyph><colour xmlns="http://www.cellml.org/metadata/graphs/1.0#" xml:lang="en">#3300ff</colour><variable xmlns="http://www.cellml.org/metadata/graphs/1.0#x-"><rdf:Description rdf:nodeID="n15"/></variable><variable xmlns="http://www.cellml.org/metadata/graphs/1.0#y-"><rdf:Description rdf:nodeID="n90"/></variable></rdf:Description><rdf:Description rdf:nodeID="n50"><graphname xmlns="http://www.cellml.org/tools/pcenv/" xml:lang="en">Electrophysiological Cell Diagram: click channels to toggle display of graph traces above</graphname><graphname xmlns="http://www.cellml.org/tools/opencell/" xml:lang="en">Electrophysiological Cell Diagram: click channels to toggle display of graph traces above</graphname><externalurl xmlns="http://www.cellml.org/tools/pcenv/" xml:lang="en">hund_2004.xul</externalurl><externalurl xmlns="http://www.cellml.org/tools/opencell/" xml:lang="en">hund_2004.xul</externalurl></rdf:Description><rdf:Description rdf:nodeID="n92"><rdf:rest><rdf:Description rdf:nodeID="n93"/></rdf:rest><rdf:first><rdf:Description rdf:nodeID="n67"/></rdf:first></rdf:Description><rdf:Description rdf:nodeID="n22"><variable xmlns="http://www.cellml.org/metadata/graphs/1.0#"><rdf:Description rdf:about="benson_epicardial_2008.cellml#cell_V"/></variable></rdf:Description><rdf:Description rdf:nodeID="n93"><rdf:rest><rdf:Description rdf:nodeID="n85"/></rdf:rest><rdf:first><rdf:Description rdf:nodeID="n91"/></rdf:first></rdf:Description><rdf:Description rdf:nodeID="n53"><rdf:rest><rdf:Description rdf:nodeID="n2"/></rdf:rest><rdf:first><rdf:Description rdf:nodeID="n9"/></rdf:first></rdf:Description><rdf:Description rdf:nodeID="n77"><variable xmlns="http://www.cellml.org/metadata/graphs/1.0#"><rdf:Description rdf:about="benson_epicardial_2008.cellml#Idiff_Itr_itr"/></variable></rdf:Description><rdf:Description rdf:nodeID="n41"><rdf:rest><rdf:Description rdf:nodeID="n89"/></rdf:rest><rdf:first><rdf:Description rdf:nodeID="n58"/></rdf:first></rdf:Description><rdf:Description rdf:nodeID="n14"><variable xmlns="http://www.cellml.org/metadata/graphs/1.0#"><rdf:Description rdf:about="benson_epicardial_2008.cellml#Ito_Ito"/></variable></rdf:Description><rdf:Description rdf:nodeID="n11"><variable xmlns="http://www.cellml.org/metadata/graphs/1.0#"><rdf:Description rdf:about="benson_epicardial_2008.cellml#Ito2_Ito2"/></variable></rdf:Description><rdf:Description rdf:about="http://www.cellml.org/tools/pcenv/displayGraphs"><rdf:first><rdf:Description rdf:nodeID="n60"/></rdf:first></rdf:Description><rdf:Description rdf:nodeID="n29"><rdf:rest><rdf:Description rdf:nodeID="n92"/></rdf:rest><rdf:first><rdf:Description rdf:nodeID="n74"/></rdf:first></rdf:Description></rdf:RDF>