<?xml version="1.0" encoding="UTF-8"?>
<omexManifest xmlns="http://identifiers.org/combine.specifications/omex-manifest">
  <content location="benson_endocardial_2008_Fig3a_2000CL.sedml" format="http://identifiers.org/combine.specifications/sed-ml" master="true"/>
  <content location="benson_mcell_2008.cellml" format="http://identifiers.org/combine.specifications/cellml" master="false"/>
  <content location="benson_mcell_2008_Fig3b_2000CL.sedml" format="http://identifiers.org/combine.specifications/sed-ml" master="true"/>
  <content location="benson_endocardial_2008_Fig3b_2000CL.sedml" format="http://identifiers.org/combine.specifications/sed-ml" master="true"/>
  <content location="benson_endocardial_2008.cellml" format="http://identifiers.org/combine.specifications/cellml" master="false"/>
  <content location="benson_epicardial_2008_Fig3a_2000CL.sedml" format="http://identifiers.org/combine.specifications/sed-ml" master="true"/>
  <content location="benson_mcell_2008_Fig3a_2000CL.sedml" format="http://identifiers.org/combine.specifications/sed-ml" master="true"/>
  <content location="hund_2004.ai" format="http://purl.org/NET/mediatypes/application/octet-stream" master="false"/>
  <content location="benson_epicardial_2008_Fig3b_2000CL.sedml" format="http://identifiers.org/combine.specifications/sed-ml" master="true"/>
  <content location="benson_epicardial_2008.session.xml" format="http://purl.org/NET/mediatypes/application/xml" master="false"/>
  <content location="hund_2004.png" format="http://purl.org/NET/mediatypes/image/png" master="false"/>
  <content location="benson_epicardial_2008.cellml" format="http://identifiers.org/combine.specifications/cellml" master="false"/>
  <content location="hund_2004.svg" format="http://purl.org/NET/mediatypes/image/svg+xml" master="false"/>
  <content location="hund_2004.xul" format="http://purl.org/NET/mediatypes/application/octet-stream" master="false"/>
  <content location="metadata.rdf" format="http://identifiers.org/combine.specifications/omex-metadata" master="false"/>
</omexManifest>
